radonFile_index,state,state2,stfips,zip,region,typebldg,floor,room,basement,rep,stratum,wave,starttm,stoptm,startdt,stopdt,activity,pcterr,adjwt,dupflag,zipflag,cntyfips,county,fips,Uppm,county_code
5083,MN,MN,27,55748,5,1,0,4,Y,3,2,42,1030,1515,20288,21188,2.9,9.6,433.316718,0,0,1,AITKIN,27001,0.502054,0
5084,MN,MN,27,56469,5,1,0,4,Y,2,2,24,1410,1410,122987,123187,1,24.3,461.62367,0,0,1,AITKIN,27001,0.502054,0
5085,MN,MN,27,55011,3,1,0,4,Y,3,2,40,600,600,12888,13088,3.1,13.8,433.316718,0,0,3,ANOKA,27003,0.428565,1
5086,MN,MN,27,55014,3,1,0,4,Y,5,2,22,900,1300,120287,121187,2.5,12.8,471.366223,0,0,3,ANOKA,27003,0.428565,1
5087,MN,MN,27,55014,3,1,0,4,Y,5,2,28,2000,2025,121887,122087,1.5,14.5,471.366223,0,0,3,ANOKA,27003,0.428565,1
5088,MN,MN,27,55014,3,1,0,2,Y,3,2,33,800,1000,122587,122787,1,18,433.316718,0,0,3,ANOKA,27003,0.428565,1
5089,MN,MN,27,55014,3,1,0,4,Y,3,2,36,1000,1730,10188,10188,0.7,25.1,433.316718,0,0,3,ANOKA,27003,0.428565,1
5090,MN,MN,27,55014,3,1,0,4,Y,2,2,44,900,900,20288,20288,1.2,17.5,461.62367,0,0,3,ANOKA,27003,0.428565,1
5091,MN,MN,27,55014,3,1,0,4,Y,2,2,47,1040,1040,20288,20288,1.2,20.2,461.62367,0,0,3,ANOKA,27003,0.428565,1
5093,MN,MN,27,55014,3,1,0,4,Y,4,2,3,1130,1221,30388,31088,1.4,18.7,461.274696,0,0,3,ANOKA,27003,0.428565,1
5094,MN,MN,27,55025,3,1,0,2,Y,2,2,22,815,815,121287,121487,0.4,0,461.62367,0,0,3,ANOKA,27003,0.428565,1
5095,MN,MN,27,55025,3,0,0,0, ,5,2,26,1400,1400,121687,121887,1.1,18.8,471.366223,0,0,3,ANOKA,27003,0.428565,1
5096,MN,MN,27,55025,3,1,0,0,Y,2,2,41,1600,1600,12688,12888,4.5,7,461.62367,0,0,3,ANOKA,27003,0.428565,1
5097,MN,MN,27,55025,3,1,0,4,Y,1,2,43,1205,1205,12088,12288,1.3,33.2,485.435931,0,0,3,ANOKA,27003,0.428565,1
5098,MN,MN,27,55025,3,1,0,4,Y,4,2,48,2000,2000,22188,22388,2.1,10.1,461.274696,0,0,3,ANOKA,27003,0.428565,1
5099,MN,MN,27,55038,3,1,0,4,Y,5,2,49,1110,1110,33188,40488,5.9,5.7,471.366223,0,0,3,ANOKA,27003,0.428565,1
5101,MN,MN,27,55303,3,1,0,2,Y,5,2,22,1930,1930,120287,121087,1.8,14.4,471.366223,1,0,3,ANOKA,27003,0.428565,1
5102,MN,MN,27,55303,3,0,0,0, ,2,2,30,1630,1620,121987,122187,5.4,5.6,461.62367,0,0,3,ANOKA,27003,0.428565,1
5103,MN,MN,27,55303,3,1,0,4,Y,2,2,33,1815,1815,122887,123087,6.3,6.1,461.62367,0,0,3,ANOKA,27003,0.428565,1
5105,MN,MN,27,55303,3,1,0,4,Y,2,2,37,1500,1530,10188,10188,6.6,8.9,461.62367,0,0,3,ANOKA,27003,0.428565,1
5106,MN,MN,27,55303,3,1,0,2,Y,5,2,38,1000,1600,122887,123087,3.1,9.9,471.366223,0,0,3,ANOKA,27003,0.428565,1
5108,MN,MN,27,55303,3,1,0,4,Y,1,2,41,1750,1645,12888,13088,7,4.6,485.435931,0,0,3,ANOKA,27003,0.428565,1
5110,MN,MN,27,55303,3,1,0,4,Y,1,2,48,1700,1700,20288,20288,5.2,4.8,485.435931,0,0,3,ANOKA,27003,0.428565,1
5111,MN,MN,27,55303,3,1,0,2,Y,2,2,48,1530,1530,21388,21588,4.5,5.9,461.62367,1,0,3,ANOKA,27003,0.428565,1
5113,MN,MN,27,55303,3,1,0,2,Y,1,2,2,2030,2030,22688,22888,2.8,8.4,485.435931,0,0,3,ANOKA,27003,0.428565,1
5116,MN,MN,27,55304,3,1,0,0,Y,3,2,22,1905,1325,120287,121187,4.2,9.5,433.316718,0,0,3,ANOKA,27003,0.428565,1
5117,MN,MN,27,55304,3,0,0,0, ,1,2,23,2040,2230,32288,32688,5.4,10.2,485.435931,0,0,3,ANOKA,27003,0.428565,1
5118,MN,MN,27,55304,3,1,0,2,Y,1,2,28,1600,1815,121387,121587,4,9.9,485.435931,0,0,3,ANOKA,27003,0.428565,1
5121,MN,MN,27,55304,3,1,0,4,Y,1,2,38,900,900,20288,20288,1.4,21.6,485.435931,0,0,3,ANOKA,27003,0.428565,1
5123,MN,MN,27,55304,3,1,0,4,Y,3,2,49,715,735,20288,20288,2.9,8.8,433.316718,0,0,3,ANOKA,27003,0.428565,1
5125,MN,MN,27,55304,3,1,1,3,N,2,2,2,1730,1730,22388,22588,0.2,0,461.62367,0,0,3,ANOKA,27003,0.428565,1
5126,MN,MN,27,55421,3,1,0,2,Y,1,5,21,1217,1220,120287,121087,2.4,14.1,2116.561544,0,0,3,ANOKA,27003,0.428565,1
5127,MN,MN,27,55421,3,5,1,3,N,2,5,36,2230,2230,10188,10188,1.1,24,2246.96884,0,0,3,ANOKA,27003,0.428565,1
5130,MN,MN,27,55432,3,1,0,4,Y,4,5,4,2115,2030,22988,30388,1.7,20.8,2314.365189,0,0,3,ANOKA,27003,0.428565,1
5131,MN,MN,27,55433,3,0,0,0, ,1,5,33,845,1000,12188,12388,2.9,7.3,2116.561544,0,0,3,ANOKA,27003,0.428565,1
5133,MN,MN,27,55434,3,1,0,2,Y,5,5,33,1815,1815,122787,122987,1.7,20,2179.503255,0,0,3,ANOKA,27003,0.428565,1
5134,MN,MN,27,55434,3,1,0,2,Y,4,5,38,1600,1600,11388,11588,1.4,18.8,2314.365189,0,0,3,ANOKA,27003,0.428565,1
5135,MN,MN,27,55434,3,1,0,2,Y,1,5,40,1100,1110,11888,12088,1.9,10.4,2116.561544,0,0,3,ANOKA,27003,0.428565,1
5136,MN,MN,27,55434,3,1,0,4,Y,2,5,38,1515,1515,12988,13188,1.8,12.2,2246.96884,0,0,3,ANOKA,27003,0.428565,1
5137,MN,MN,27,56501,2,1,1,3,Y,5,3,25,1215,1330,121487,121687,1.2,22.7,893.23743,0,0,5,BECKER,27005,0.892741,2
5138,MN,MN,27,56501,2,1,0,2,Y,3,3,41,2025,2100,11788,11988,4.3,9.1,1071.318034,0,0,5,BECKER,27005,0.892741,2
5139,MN,MN,27,56544,2,1,1,3,N,3,3,44,1000,1000,12188,12388,4.5,6,1071.318034,0,0,5,BECKER,27005,0.892741,2
5140,MN,MN,27,56601,2,1,0,4,Y,4,3,31,1320,1605,122087,122287,6.3,6.9,990.411554,0,0,7,BELTRAMI,27007,0.552472,3
5141,MN,MN,27,56601,2,1,0,2,Y,2,3,32,1430,1900,122887,123087,4.6,7.2,921.864905,0,0,7,BELTRAMI,27007,0.552472,3
5143,MN,MN,27,56647,2,1,1,3,Y,2,3,40,1000,1000,11888,12088,2.2,8.2,921.864905,2,0,7,BELTRAMI,27007,0.552472,3
5144,MN,MN,27,56676,2,1,1,3,N,1,3,26,1400,1900,121287,121787,0.4,0,1024.442902,0,0,7,BELTRAMI,27007,0.552472,3
5145,MN,MN,27,56683,2,1,1,1,N,1,3,42,1100,1100,11788,11988,4.6,6.7,1024.442902,0,0,7,BELTRAMI,27007,0.552472,3
5146,MN,MN,27,56727,2,1,1,7,Y,2,1,38,1315,1315,11288,11488,4.4,8.3,348.042925,2,0,7,BELTRAMI,27007,0.552472,3
5147,MN,MN,27,56329,5,1,0,2,Y,4,4,45,930,940,13188,20288,6.6,4.6,1177.377355,0,0,9,BENTON,27009,0.866849,4
5148,MN,MN,27,56379,5,1,0,4,Y,5,3,40,1110,2130,11888,12088,2.7,9.8,893.23743,0,0,9,BENTON,27009,0.866849,4
5149,MN,MN,27,56379,5,1,1,3,N,2,3,4,1830,1830,22888,30388,2.9,11.4,921.864905,0,0,9,BENTON,27009,0.866849,4
5150,MN,MN,27,56379,5,1,0,4,Y,4,3,4,1500,1500,22888,30388,2.9,7.3,990.411554,0,0,9,BENTON,27009,0.866849,4
5151,MN,MN,27,56225,5,1,0,4,Y,1,4,21,1300,710,120287,121187,7.2,5.3,1088.985661,0,0,11,BIG STONE,27011,1.47264,5
5152,MN,MN,27,56225,5,1,0,4,Y,4,4,36,1400,1400,122887,123087,5,7.3,1177.377355,0,0,11,BIG STONE,27011,1.47264,5
5155,MN,MN,27,56001,4,1,0,4,Y,2,3,32,2100,2100,122687,122887,13,3,921.864905,0,0,13,BLUE EARTH,27013,1.31208,6
5156,MN,MN,27,56001,4,1,0,4,Y,4,3,34,812,844,123187,10188,7.2,4.4,990.411554,0,0,13,BLUE EARTH,27013,1.31208,6
5157,MN,MN,27,56001,4,1,0,4,Y,3,3,38,1900,700,31688,31988,6.8,4.9,1071.318034,0,0,13,BLUE EARTH,27013,1.31208,6
5158,MN,MN,27,56001,4,1,0,4,Y,5,3,45,1800,1800,12688,12888,12.8,5.4,893.23743,0,0,13,BLUE EARTH,27013,1.31208,6
5159,MN,MN,27,56001,4,2,1,3,Y,1,3,47,1930,1930,20288,20288,5.8,5.9,1024.442902,0,0,13,BLUE EARTH,27013,1.31208,6
5160,MN,MN,27,56001,4,1,0,4,Y,2,3,47,820,1045,20288,20288,9.5,3.8,921.864905,1,0,13,BLUE EARTH,27013,1.31208,6
5161,MN,MN,27,56001,4,1,0,7,Y,4,3,47,1300,1301,20288,20288,6,5.6,990.411554,0,0,13,BLUE EARTH,27013,1.31208,6
5162,MN,MN,27,56001,4,1,0,7,Y,5,3,48,2010,2025,20288,20288,3.8,7.6,893.23743,0,0,13,BLUE EARTH,27013,1.31208,6
5163,MN,MN,27,56001,4,1,1,3,Y,1,3,3,2030,2030,22788,30388,14.3,2.9,1024.442902,0,0,13,BLUE EARTH,27013,1.31208,6
5164,MN,MN,27,56010,4,1,0,4,Y,5,3,22,800,800,121287,121487,1.8,13.2,893.23743,0,0,13,BLUE EARTH,27013,1.31208,6
5165,MN,MN,27,56055,4,1,0,2,Y,3,3,28,1230,1230,121687,121887,6.9,5.1,1071.318034,0,0,13,BLUE EARTH,27013,1.31208,6
5166,MN,MN,27,56055,4,1,0,0, ,5,3,38,1300,1257,10188,11188,4.7,5.1,893.23743,0,0,13,BLUE EARTH,27013,1.31208,6
5167,MN,MN,27,56055,4,1,0,4,Y,1,3,48,1800,1800,22988,30388,9.5,4.3,1024.442902,0,0,13,BLUE EARTH,27013,1.31208,6
5168,MN,MN,27,56073,4,1,1,0,Y,2,3,33,715,715,122987,123187,2.5,9.8,921.864905,0,0,15,BROWN,27015,1.31993,7
5169,MN,MN,27,56073,4,1,0,4,Y,1,3,33,730,730,122787,122987,6.7,3.9,1024.442902,0,0,15,BROWN,27015,1.31993,7
5170,MN,MN,27,56073,4,1,1,3,Y,3,3,33,830,830,11188,11388,4,5.4,1071.318034,0,0,15,BROWN,27015,1.31993,7
5171,MN,MN,27,56073,4,1,0,2,Y,5,3,38,1247,2221,12288,12488,10.1,5.8,893.23743,0,0,15,BROWN,27015,1.31993,7
5172,MN,MN,27,55720,5,1,0,1,Y,3,4,25,600,600,10188,10188,2.2,8.7,1214.922779,0,0,17,CARLTON,27017,0.717261,8
5173,MN,MN,27,55720,5,1,0,0,Y,2,4,34,930,930,10188,10188,1.8,11.3,1146.49919,0,0,17,CARLTON,27017,0.717261,8
5174,MN,MN,27,55720,5,1,0,2,Y,4,4,34,1700,1700,122287,122487,3.4,9.6,1177.377355,0,0,17,CARLTON,27017,0.717261,8
5175,MN,MN,27,55720,5,1,1,7,Y,1,4,37,1400,2000,121887,122087,5.6,28.9,1088.985661,0,0,17,CARLTON,27017,0.717261,8
5176,MN,MN,27,55720,5,1,0,4,Y,4,2,37,1930,1930,122687,122887,4.3,10.8,461.274696,0,0,17,CARLTON,27017,0.717261,8
5177,MN,MN,27,55720,5,1,0,2,Y,5,4,48,630,630,20288,20288,3.9,8,1105.956867,0,0,17,CARLTON,27017,0.717261,8
5179,MN,MN,27,55733,5,1,0,2,Y,2,4,25,1820,1845,121287,121487,4.2,6.5,1146.49919,0,0,17,CARLTON,27017,0.717261,8
5180,MN,MN,27,55757,5,1,0,4,Y,3,4,22,1730,1730,121187,121487,0.8,23.4,1214.922779,0,0,17,CARLTON,27017,0.717261,8
5183,MN,MN,27,55318,5,1,0,4,Y,1,4,45,1800,1800,22488,22688,12.9,3.4,1088.985661,0,0,19,CARVER,27019,1.10061,9
5184,MN,MN,27,55318,5,1,1,1,Y,5,4,2,2130,2130,22388,22588,14.7,3.1,1105.956867,0,0,19,CARVER,27019,1.10061,9
5185,MN,MN,27,55368,5,1,1,7,Y,4,4,38,1610,1615,31588,31788,4.7,16,1177.377355,0,0,19,CARVER,27019,1.10061,9
5187,MN,MN,27,55388,5,1,1,3,Y,1,4,48,900,900,20288,20288,0,0,1088.985661,0,0,19,CARVER,27019,1.10061,9
5188,MN,MN,27,56401,2,1,0,4,Y,2,3,39,1300,1300,11388,11588,3.7,8,921.864905,0,0,21,CASS,27021,0.544319,10
5190,MN,MN,27,56452,2,1,0,2,Y,1,3,31,930,930,10188,10188,1.9,11.8,1024.442902,0,0,21,CASS,27021,0.544319,10
5191,MN,MN,27,56473,2,1,0,7,Y,1,3,1,1730,2030,30388,30388,5.3,6.8,1024.442902,0,0,21,CASS,27021,0.544319,10
5192,MN,MN,27,56474,2,1,0,4,Y,4,3,48,1350,1350,20288,20288,4,6.7,990.411554,0,0,21,CASS,27021,0.544319,10
5193,MN,MN,27,56222,5,1,0,2,Y,1,4,32,1430,1130,10188,10188,7.7,3.9,1088.985661,0,0,23,CHIPPEWA,27023,1.3148,11
5194,MN,MN,27,56265,5,1,0,2,Y,5,4,25,1700,1700,122687,122887,1.4,14,1105.956867,0,0,23,CHIPPEWA,27023,1.3148,11
5197,MN,MN,27,55025,5,1,0,4,Y,4,2,24,730,730,121487,121687,0.8,19.2,461.274696,0,0,25,CHISAGO,27025,0.479352,12
5199,MN,MN,27,55045,5,1,0,4,Y,5,4,35,1100,1100,122787,122987,5,8.6,1105.956867,0,0,25,CHISAGO,27025,0.479352,12
5200,MN,MN,27,55045,5,1,0,2,Y,5,4,36,1330,1330,122687,122887,2.1,11,1105.956867,0,0,25,CHISAGO,27025,0.479352,12
5202,MN,MN,27,55092,5,1,0,2,Y,5,4,29,1800,1800,11088,11288,8.1,4,1105.956867,1,0,25,CHISAGO,27025,0.479352,12
5204,MN,MN,27,56514,2,1,0,2,Y,5,3,40,1815,2015,12088,12288,12.9,6.9,893.23743,0,0,27,CLAY,27027,1.41027,13
5205,MN,MN,27,56529,2,1,0,4,Y,4,3,45,2000,2030,13088,20288,2.6,8.9,990.411554,0,0,27,CLAY,27027,1.41027,13
5206,MN,MN,27,56547,2,1,1,3, ,5,3,22,930,930,120287,121187,3.5,8.9,893.23743,0,0,27,CLAY,27027,1.41027,13
5207,MN,MN,27,56549,2,1,0,4,Y,1,3,28,755,935,122187,122387,26.6,2.5,1024.442902,2,0,27,CLAY,27027,1.41027,13
5208,MN,MN,27,56549,2,0,0,0, ,4,3,33,1140,0,122987,123187,1.5,20.9,990.411554,0,0,27,CLAY,27027,1.41027,13
5209,MN,MN,27,56560,2,1,0,2,Y,2,3,22,715,715,120287,121187,13,3.2,921.864905,0,0,27,CLAY,27027,1.41027,13
5210,MN,MN,27,56560,2,1,0,4,Y,4,3,22,2100,2300,122087,122287,8.8,5.2,990.411554,0,0,27,CLAY,27027,1.41027,13
5211,MN,MN,27,56560,2,1,0,4,Y,3,3,23,1130,1130,31988,32188,19.5,2.8,1071.318034,0,0,27,CLAY,27027,1.41027,13
5212,MN,MN,27,56560,2,1,1,3,N,4,3,36,1000,1000,11988,12188,2.5,11.4,990.411554,0,0,27,CLAY,27027,1.41027,13
5213,MN,MN,27,56560,2,1,0,2,Y,1,3,44,2200,2200,12488,12688,9,5.1,1024.442902,1,0,27,CLAY,27027,1.41027,13
5215,MN,MN,27,56560,2,2,0,4,Y,5,3,47,1430,1430,20288,20288,3.6,7,893.23743,0,0,27,CLAY,27027,1.41027,13
5216,MN,MN,27,56560,2,0,1,0, ,2,3,2,719,1300,22888,30388,6.9,5.2,921.864905,0,0,27,CLAY,27027,1.41027,13
5217,MN,MN,27,56621,2,1,1,3,N,2,3,23,800,800,121487,121687,4.8,7.7,921.864905,0,0,29,CLEARWATER,27029,0.941896,14
5218,MN,MN,27,56621,2,1,0,4,Y,5,3,37,1000,1000,122887,123087,3.4,8.9,893.23743,0,0,29,CLEARWATER,27029,0.941896,14
5219,MN,MN,27,56621,2,3,1,7,N,4,3,39,830,830,31588,31788,0.9,26.9,990.411554,0,0,29,CLEARWATER,27029,0.941896,14
5220,MN,MN,27,56621,2,1,0,2,Y,5,3,42,1622,2015,11988,12188,3.4,7.4,893.23743,0,0,29,CLEARWATER,27029,0.941896,14
5221,MN,MN,27,55612,1,1,0,4,Y,3,1,25,1430,1614,121287,121487,2.7,10,348.042925,0,0,31,COOK,27031,0.603508,15
5222,MN,MN,27,55615,1,1,0,4,Y,1,1,42,1600,1600,11688,11888,1.4,13.8,507.562599,1,0,31,COOK,27031,0.603508,15
5223,MN,MN,27,56101,5,1,0,4,Y,3,4,1,1700,1700,22388,22588,6.8,4.7,1214.922779,0,0,33,COTTONWOOD,27033,1.40433,16
5224,MN,MN,27,56137,5,1,1,3,Y,5,4,2,1630,1630,22988,30388,11.1,4.6,1105.956867,0,0,33,COTTONWOOD,27033,1.40433,16
5225,MN,MN,27,56174,5,1,1,3,Y,5,4,25,2300,1000,121487,121787,0,0,1105.956867,0,0,33,COTTONWOOD,27033,1.40433,16
5226,MN,MN,27,56183,5,1,1,3,Y,4,4,30,1000,1000,10188,10188,2.5,11.2,1177.377355,0,0,33,COTTONWOOD,27033,1.40433,16
5227,MN,MN,27,56364,2,1,0,4,Y,4,3,33,1000,1000,122687,122887,1.8,11.9,990.411554,0,0,35,CROW WING,27035,0.530789,17
5228,MN,MN,27,56401,2,1,0,4,Y,1,3,37,1130,1130,11188,11388,1.6,11.5,1024.442902,0,0,35,CROW WING,27035,0.530789,17
5229,MN,MN,27,56401,2,1,1,2, ,4,3,44,900,900,12388,12588,1,18.7,990.411554,1,0,35,CROW WING,27035,0.530789,17
5230,MN,MN,27,56401,2,1,0,1,Y,5,3,49,1844,1915,20288,20288,0.9,25.3,893.23743,0,0,35,CROW WING,27035,0.530789,17
5231,MN,MN,27,56431,2,1,0,4,Y,1,2,40,800,800,11988,12188,2.9,9.2,485.435931,0,0,35,CROW WING,27035,0.530789,17
5232,MN,MN,27,56441,2,1,0,4,Y,5,3,21,1245,1245,10188,11188,4.4,5.3,893.23743,0,0,35,CROW WING,27035,0.530789,17
5233,MN,MN,27,56441,2,1,0,4,Y,3,3,36,1530,1830,10188,10188,1.5,16,1071.318034,0,0,35,CROW WING,27035,0.530789,17
5234,MN,MN,27,56442,2,1,0,4,Y,2,3,45,2045,2050,12688,12888,4.1,7.3,921.864905,0,0,35,CROW WING,27035,0.530789,17
5237,MN,MN,27,56472,2,1,0,4,Y,1,3,25,830,830,121387,121587,4.3,5.5,1024.442902,0,0,35,CROW WING,27035,0.530789,17
5239,MN,MN,27,55024,3,1,0,2,Y,5,2,21,1600,1600,120287,121087,3.6,7.9,471.366223,0,0,37,DAKOTA,27037,0.976144,18
5240,MN,MN,27,55024,3,1,0,7,Y,1,2,34,1400,1400,122687,122887,2.8,7.8,485.435931,0,0,37,DAKOTA,27037,0.976144,18
5242,MN,MN,27,55024,3,1,0,4,Y,3,2,4,830,832,40488,40488,6.7,4.4,433.316718,0,0,37,DAKOTA,27037,0.976144,18
5243,MN,MN,27,55033,3,1,0,4,Y,1,2,21,900,900,121087,121287,8,4.4,485.435931,0,0,37,DAKOTA,27037,0.976144,18
5244,MN,MN,27,55033,3,1,0,0,Y,3,2,24,1325,1325,121287,121487,2.6,9.4,433.316718,0,0,37,DAKOTA,27037,0.976144,18
5245,MN,MN,27,55033,3,1,1,3,Y,2,2,27,1100,1100,121587,121787,2.8,10.8,461.62367,0,0,37,DAKOTA,27037,0.976144,18
5247,MN,MN,27,55033,3,1,1,2, ,1,2,30,805,1200,10188,10188,1.7,15.3,485.435931,0,0,37,DAKOTA,27037,0.976144,18
5248,MN,MN,27,55033,3,1,0,5,Y,4,2,34,1600,1615,11688,11888,2,12.9,461.274696,0,0,37,DAKOTA,27037,0.976144,18
5249,MN,MN,27,55033,3,1,0,4,Y,2,2,42,1700,1700,11788,11988,2,11.2,461.62367,1,0,37,DAKOTA,27037,0.976144,18
5250,MN,MN,27,55033,3,1,0,4,Y,3,2,47,2100,2105,22188,22388,1.5,13.1,433.316718,0,0,37,DAKOTA,27037,0.976144,18
5252,MN,MN,27,55033,3,2,0,4,Y,1,2,48,900,900,20288,21088,8.1,3.4,485.435931,1,0,37,DAKOTA,27037,0.976144,18
5253,MN,MN,27,55033,3,1,0,7,Y,3,2,1,1730,1730,22388,22588,3.5,9.4,433.316718,0,0,37,DAKOTA,27037,0.976144,18
5255,MN,MN,27,55044,3,1,0,2,Y,2,5,45,1230,1630,12788,13088,5.1,5.3,2246.96884,0,0,37,DAKOTA,27037,0.976144,18
5256,MN,MN,27,55044,3,1,0,4,Y,1,2,42,1730,1725,20288,20288,3.2,8,485.435931,0,0,37,DAKOTA,27037,0.976144,18
5257,MN,MN,27,55044,3,0,0,0, ,3,2,46,600,600,21888,21988,10.8,6.3,433.316718,0,0,37,DAKOTA,27037,0.976144,18
5258,MN,MN,27,55057,3,1,0,4,Y,3,3,36,1930,1930,122787,122987,8.2,5.7,1071.318034,0,0,37,DAKOTA,27037,0.976144,18
5259,MN,MN,27,55057,3,1,0,4,Y,5,3,1,950,950,31088,31288,6.3,5,893.23743,0,0,37,DAKOTA,27037,0.976144,18
5262,MN,MN,27,55068,3,1,0,1,Y,2,2,43,1230,1230,11788,11988,1.1,16.3,461.62367,0,0,37,DAKOTA,27037,0.976144,18
5263,MN,MN,27,55068,3,1,0,2,Y,5,2,49,1400,830,20288,20288,8.7,3,471.366223,0,0,37,DAKOTA,27037,0.976144,18
5264,MN,MN,27,55068,3,1,0,1,Y,1,2,3,900,900,22488,22688,8.8,4.1,485.435931,0,0,37,DAKOTA,27037,0.976144,18
5267,MN,MN,27,55075,3,1,0,2,Y,2,2,23,1100,1100,121487,121687,1.6,18.1,461.62367,0,0,37,DAKOTA,27037,0.976144,18
5268,MN,MN,27,55075,3,1,0,2,Y,1,2,25,1400,1415,121287,121487,2.8,9.3,485.435931,0,0,37,DAKOTA,27037,0.976144,18
5270,MN,MN,27,55075,3,1,0,4,Y,3,2,28,1620,1620,121287,121487,1.7,11.4,433.316718,0,0,37,DAKOTA,27037,0.976144,18
5271,MN,MN,27,55075,3,0,0,0, ,2,2,29,1430,1430,121687,121887,4.6,6.8,461.62367,0,0,37,DAKOTA,27037,0.976144,18
5272,MN,MN,27,55075,3,1,0,4,Y,3,2,29,1100,900,121687,121987,3.3,7,433.316718,0,0,37,DAKOTA,27037,0.976144,18
5273,MN,MN,27,55075,3,1,0,2,Y,3,2,29,930,1030,122187,122387,4.4,9.3,433.316718,1,0,37,DAKOTA,27037,0.976144,18
5274,MN,MN,27,55075,3,1,0,7,Y,5,2,31,645,645,12888,13088,21.2,2.9,471.366223,2,0,37,DAKOTA,27037,0.976144,18
5275,MN,MN,27,55075,3,1,0,2,Y,2,2,34,1600,2300,122287,122487,9.1,4.3,461.62367,0,0,37,DAKOTA,27037,0.976144,18
5276,MN,MN,27,55075,3,1,0,4,Y,4,2,38,1600,1600,123087,10188,0.9,20.6,461.274696,0,0,37,DAKOTA,27037,0.976144,18
5277,MN,MN,27,55075,3,1,0,2,Y,4,2,35,1300,1300,10188,11188,4.9,6.5,461.274696,1,0,37,DAKOTA,27037,0.976144,18
5279,MN,MN,27,55075,3,1,0,2,Y,4,2,44,2100,2100,32888,33088,1.1,21.4,461.274696,0,0,37,DAKOTA,27037,0.976144,18
5280,MN,MN,27,55075,3,1,0,2,Y,3,2,39,1330,730,12788,13188,7.6,3.7,433.316718,0,0,37,DAKOTA,27037,0.976144,18
5281,MN,MN,27,55075,3,2,0,1,Y,4,2,46,1855,1851,20288,20288,5.4,7.8,461.274696,0,0,37,DAKOTA,27037,0.976144,18
5283,MN,MN,27,55075,3,1,0,4,Y,1,2,50,1830,1830,20288,20288,4.9,6.3,485.435931,0,0,37,DAKOTA,27037,0.976144,18
5285,MN,MN,27,55122,3,1,0,1,Y,4,5,22,1715,1715,121187,121387,1.4,16.7,2314.365189,0,0,37,DAKOTA,27037,0.976144,18
5286,MN,MN,27,55122,3,1,0,4,Y,5,5,35,1800,2000,122787,122987,3.4,11,2179.503255,0,0,37,DAKOTA,27037,0.976144,18
5287,MN,MN,27,55122,3,1,0,7,Y,3,5,44,2145,2215,12188,12388,4.2,14.4,2119.396234,0,0,37,DAKOTA,27037,0.976144,18
5288,MN,MN,27,55122,3,1,0,1,Y,5,5,50,2300,1100,20288,20288,2.5,7.9,2179.503255,0,0,37,DAKOTA,27037,0.976144,18
5289,MN,MN,27,55123,3,1,0,4,Y,3,5,38,1530,1530,11688,11888,1.4,15.1,2119.396234,0,0,37,DAKOTA,27037,0.976144,18
5290,MN,MN,27,55123,3,1,0,4,Y,1,5,44,1000,1000,22788,22988,1.4,14.9,2116.561544,0,0,37,DAKOTA,27037,0.976144,18
5292,MN,MN,27,55124,3,1,0,2,N,4,5,31,2100,2200,21088,21288,4.8,7,2314.365189,0,0,37,DAKOTA,27037,0.976144,18
5294,MN,MN,27,55124,3,1,0,2,Y,1,5,2,1830,1800,22588,22788,3.8,7.2,2116.561544,0,0,37,DAKOTA,27037,0.976144,18
5295,MN,MN,27,55337,3,1,0,1,Y,4,4,23,730,730,121587,121787,8.8,4.2,1177.377355,0,0,37,DAKOTA,27037,0.976144,18
5297,MN,MN,27,55337,3,1,0,2,Y,5,4,26,855,855,10188,10188,4.4,7.2,1105.956867,0,0,37,DAKOTA,27037,0.976144,18
5298,MN,MN,27,55337,3,1,0,0,Y,1,4,36,2030,2215,122987,123187,4.5,8.5,1088.985661,0,0,37,DAKOTA,27037,0.976144,18
5299,MN,MN,27,55337,3,1,0,3,Y,5,4,41,1030,1030,11788,11988,2.2,10.6,1105.956867,0,0,37,DAKOTA,27037,0.976144,18
5300,MN,MN,27,55337,3,2,0,2,Y,3,4,42,1000,1010,11888,12088,0.5,30.9,1214.922779,1,0,37,DAKOTA,27037,0.976144,18
5301,MN,MN,27,55337,3,1,0,2,Y,1,4,50,2330,1430,20288,20288,5.8,4.2,1088.985661,0,0,37,DAKOTA,27037,0.976144,18
5302,MN,MN,27,55940,4,1,0,4,Y,1,3,36,1250,1250,122887,123087,5.4,7,1024.442902,0,0,39,DODGE,27039,1.30194,19
5303,MN,MN,27,55944,4,1,0,4,Y,4,3,35,930,1015,122787,122987,7.2,4.1,990.411554,0,0,39,DODGE,27039,1.30194,19
5304,MN,MN,27,55944,4,1,0,4,Y,5,3,47,900,900,20288,20288,5.7,4.6,893.23743,0,0,39,DODGE,27039,1.30194,19
5305,MN,MN,27,56308,5,1,0,2,Y,3,4,21,730,730,120287,121187,7.4,4.4,1214.922779,0,0,41,DOUGLAS,27041,1.16849,20
5306,MN,MN,27,56308,5,1,0,2,Y,1,4,22,1600,1600,122187,122387,4.8,7.6,1088.985661,0,0,41,DOUGLAS,27041,1.16849,20
5307,MN,MN,27,56308,5,1,0,4,Y,3,4,29,1030,1330,121687,121887,6.8,4.4,1214.922779,0,0,41,DOUGLAS,27041,1.16849,20
5308,MN,MN,27,56308,5,1,0,4,Y,1,4,42,930,930,11788,11988,6.4,4.3,1088.985661,0,0,41,DOUGLAS,27041,1.16849,20
5312,MN,MN,27,56332,5,1,0,4,Y,1,4,43,2200,1000,20288,21288,4.4,7.5,1088.985661,0,0,41,DOUGLAS,27041,1.16849,20
5313,MN,MN,27,56360,5,1,0,4,Y,3,4,48,800,800,20288,20288,2.7,9.4,1214.922779,0,0,41,DOUGLAS,27041,1.16849,20
5314,MN,MN,27,56013,4,1,0,4,Y,1,3,30,1500,1500,122087,122387,3.4,9,1024.442902,0,0,43,FARIBAULT,27043,1.34316,21
5316,MN,MN,27,56023,4,1,0,2,Y,2,3,40,900,900,11988,12188,2.3,11,921.864905,0,0,43,FARIBAULT,27043,1.34316,21
5317,MN,MN,27,56097,4,1,1,7,Y,1,3,28,2115,2116,121687,121987,1.3,10.4,1024.442902,0,0,43,FARIBAULT,27043,1.34316,21
5318,MN,MN,27,56097,4,1,0,0,Y,3,3,24,1830,1832,122687,122887,5.2,5.5,1071.318034,0,0,43,FARIBAULT,27043,1.34316,21
5321,MN,MN,27,55971,4,1,0,4,Y,1,3,24,2100,2200,121287,121587,3.2,8.8,1024.442902,0,0,45,FILLMORE,27045,1.51424,22
5322,MN,MN,27,56007,4,1,0,4,Y,4,3,37,2200,2200,11088,11288,3.2,7.3,990.411554,0,0,47,FREEBORN,27047,1.25133,23
5323,MN,MN,27,56007,4,1,0,7,Y,1,3,50,1100,0,21088,21288,9.6,10.8,1024.442902,0,0,47,FREEBORN,27047,1.25133,23
5324,MN,MN,27,56007,4,1,0,4,Y,5,3,50,500,500,20288,20288,4.2,6,893.23743,0,0,47,FREEBORN,27047,1.25133,23
5325,MN,MN,27,56007,4,1,0,2,Y,2,3,4,1135,1345,22688,22888,9,3.8,921.864905,0,0,47,FREEBORN,27047,1.25133,23
5326,MN,MN,27,56009,4,1,0,4,Y,1,3,36,2100,2200,122887,123087,6.3,6.3,1024.442902,0,0,47,FREEBORN,27047,1.25133,23
5328,MN,MN,27,56036,4,1,0,4,Y,2,3,44,900,1000,12388,12588,13.2,4.7,921.864905,0,0,47,FREEBORN,27047,1.25133,23
5329,MN,MN,27,56045,4,1,1,1,N,2,3,36,1300,1300,122787,122987,2.2,18.9,921.864905,0,0,47,FREEBORN,27047,1.25133,23
5331,MN,MN,27,55009,4,1,0,2,Y,3,3,31,900,1020,21188,21388,14.3,2.8,1071.318034,0,0,49,GOODHUE,27049,1.21727,24
5332,MN,MN,27,55009,4,1,1,3,N,2,3,36,1715,1732,122887,123087,6.9,5.6,921.864905,0,0,49,GOODHUE,27049,1.21727,24
5334,MN,MN,27,55041,4,1,1,3,Y,4,3,47,919,1000,20288,20288,9.8,3.7,990.411554,0,0,49,GOODHUE,27049,1.21727,24
5335,MN,MN,27,55066,4,1,0,4,Y,1,3,37,1100,1400,10188,11188,2.6,7.9,1024.442902,0,0,49,GOODHUE,27049,1.21727,24
5336,MN,MN,27,55066,4,1,0,4,Y,4,3,38,1400,1400,12788,12988,43.5,1.6,990.411554,2,0,49,GOODHUE,27049,1.21727,24
5337,MN,MN,27,55066,4,1,0,2,Y,3,3,48,1800,1800,20288,20288,4.9,9.3,1071.318034,0,0,49,GOODHUE,27049,1.21727,24
5338,MN,MN,27,55066,4,1,0,4,Y,5,3,1,1830,830,30388,30388,4.9,7.4,893.23743,0,0,49,GOODHUE,27049,1.21727,24
5339,MN,MN,27,55946,4,1,0,4,Y,5,3,43,2130,2330,12388,12588,3.5,7,893.23743,0,0,49,GOODHUE,27049,1.21727,24
5340,MN,MN,27,55963,4,1,0,2,Y,5,3,2,2100,700,22388,22688,4.8,5.7,893.23743,0,0,49,GOODHUE,27049,1.21727,24
5341,MN,MN,27,55983,4,1,0,4,Y,2,3,28,1235,1235,121687,121887,5.6,5.2,921.864905,0,0,49,GOODHUE,27049,1.21727,24
5342,MN,MN,27,55983,4,1,0,4,Y,1,3,38,2210,2210,11788,11988,3.5,7.2,1024.442902,0,0,49,GOODHUE,27049,1.21727,24
5343,MN,MN,27,55983,4,1,0,4,Y,4,3,45,2130,2130,20288,20288,3.9,8.6,990.411554,0,0,49,GOODHUE,27049,1.21727,24
5346,MN,MN,27,55316,3,1,0,2,Y,3,5,37,2105,2305,11088,11288,3.3,6.2,2119.396234,0,0,53,HENNEPIN,27053,0.907991,25
5349,MN,MN,27,55331,3,2,0,4,Y,5,5,28,700,700,10188,10188,4,6,2179.503255,0,0,53,HENNEPIN,27053,0.907991,25
5350,MN,MN,27,55331,3,1,0,5,Y,1,5,36,1630,1400,122687,122987,1.8,18.1,2116.561544,0,0,53,HENNEPIN,27053,0.907991,25
5351,MN,MN,27,55331,3,1,0,4,Y,2,5,50,2010,2010,20288,20288,2.5,15,2246.96884,0,0,53,HENNEPIN,27053,0.907991,25
5352,MN,MN,27,55343,3,1,0,4,Y,1,5,44,2100,2100,12088,12288,11.2,3.2,2116.561544,0,0,53,HENNEPIN,27053,0.907991,25
5353,MN,MN,27,55344,3,1,0,2,Y,2,5,30,1800,1930,122087,122287,2.6,14.4,2246.96884,0,0,53,HENNEPIN,27053,0.907991,25
5354,MN,MN,27,55344,3,2,0,2,Y,3,5,32,1800,2000,10188,11188,3.9,6.4,2119.396234,1,0,53,HENNEPIN,27053,0.907991,25
5355,MN,MN,27,55344,3,1,0,1,Y,1,5,21,600,600,10188,10188,7.4,3.9,2116.561544,0,0,53,HENNEPIN,27053,0.907991,25
5356,MN,MN,27,55344,3,2,0,2,Y,4,5,22,830,1000,12988,13188,1.3,15.4,2314.365189,0,0,53,HENNEPIN,27053,0.907991,25
5357,MN,MN,27,55344,3,1,0,4,Y,4,5,38,830,830,11888,12088,0.9,17.3,2314.365189,0,0,53,HENNEPIN,27053,0.907991,25
5359,MN,MN,27,55356,3,1,1,2,Y,2,5,27,1800,1900,122687,122887,2.5,8,2246.96884,0,0,53,HENNEPIN,27053,0.907991,25
5360,MN,MN,27,55357,3,1,0,4,Y,5,5,34,645,645,122887,123087,6,6.7,2179.503255,0,0,53,HENNEPIN,27053,0.907991,25
5362,MN,MN,27,55369,3,1,0,4,Y,2,5,37,0,0,11088,11288,5.4,5.1,2246.96884,0,0,53,HENNEPIN,27053,0.907991,25
5364,MN,MN,27,55369,3,1,0,2, ,2,5,47,1600,1900,32688,32888,2.9,8.8,2246.96884,1,0,53,HENNEPIN,27053,0.907991,25
5365,MN,MN,27,55369,3,1,0,4,Y,3,5,50,1300,1300,20288,21088,5.5,7.9,2119.396234,0,0,53,HENNEPIN,27053,0.907991,25
5367,MN,MN,27,55403,3,2,0,4,Y,2,5,3,1730,1830,22888,30388,3.9,6.7,2246.96884,0,0,53,HENNEPIN,27053,0.907991,25
5368,MN,MN,27,55405,3,1,0,4,Y,4,5,34,758,758,122687,122887,14.9,3,2314.365189,0,0,53,HENNEPIN,27053,0.907991,25
5369,MN,MN,27,55406,3,1,0,4,Y,2,5,21,1600,1600,122487,122687,7.2,4,2246.96884,0,0,53,HENNEPIN,27053,0.907991,25
5370,MN,MN,27,55406,3,1,0,4,Y,2,5,35,2230,2230,12488,12688,2.3,20.8,2246.96884,0,0,53,HENNEPIN,27053,0.907991,25
5371,MN,MN,27,55407,3,1,1,3,Y,3,5,22,1100,1100,122187,122387,2.8,36.4,2119.396234,0,0,53,HENNEPIN,27053,0.907991,25
5372,MN,MN,27,55409,3,1,0,4,Y,1,5,49,2030,2035,20288,20288,4.4,7.8,2116.561544,0,0,53,HENNEPIN,27053,0.907991,25
5373,MN,MN,27,55409,3,1,0,4,Y,1,5,50,1830,1830,20288,20288,1.5,12.1,2116.561544,0,0,53,HENNEPIN,27053,0.907991,25
5375,MN,MN,27,55410,3,1,0,7,Y,5,5,22,2100,2100,123087,10188,5.6,7.3,2179.503255,0,0,53,HENNEPIN,27053,0.907991,25
5376,MN,MN,27,55410,3,1,0,4,Y,1,5,40,1500,1500,11988,12188,8.6,4.4,2116.561544,0,0,53,HENNEPIN,27053,0.907991,25
5377,MN,MN,27,55411,3,1,0,2,Y,4,5,24,1100,2200,122787,122987,3.8,14.2,2314.365189,0,0,53,HENNEPIN,27053,0.907991,25
5378,MN,MN,27,55412,3,1,0,4,Y,1,5,39,2100,2100,12388,12588,1.8,11.7,2116.561544,0,0,53,HENNEPIN,27053,0.907991,25
5379,MN,MN,27,55413,3,1,0,4,Y,2,5,37,2000,2000,11088,11288,1.9,9.8,2246.96884,0,0,53,HENNEPIN,27053,0.907991,25
5380,MN,MN,27,55413,3,1,0,7,Y,4,5,50,1700,2200,20288,20288,5.5,5,2314.365189,0,0,53,HENNEPIN,27053,0.907991,25
5382,MN,MN,27,55414,3,2,1,3,N,1,5,3,1615,1630,31988,32188,0.8,20.9,2116.561544,0,0,53,HENNEPIN,27053,0.907991,25
5383,MN,MN,27,55416,3,1,0,7,Y,1,5,23,1400,1700,121187,121387,2.1,10.4,2116.561544,0,0,53,HENNEPIN,27053,0.907991,25
5384,MN,MN,27,55416,3,1,0,0,Y,5,5,49,2030,2030,40488,40488,2.8,7.6,2179.503255,0,0,53,HENNEPIN,27053,0.907991,25
5385,MN,MN,27,55417,3,1,0,4,Y,3,5,27,1815,2015,121287,121487,3.9,6.5,2119.396234,0,0,53,HENNEPIN,27053,0.907991,25
5386,MN,MN,27,55417,3,1,0,4,Y,5,5,36,940,958,123087,10188,4.3,8.5,2179.503255,0,0,53,HENNEPIN,27053,0.907991,25
5387,MN,MN,27,55417,3,1,0,2,Y,3,5,2,600,600,30388,30388,4.7,6.2,2119.396234,0,0,53,HENNEPIN,27053,0.907991,25
5390,MN,MN,27,55418,3,3,0,4,Y,1,5,35,900,900,22188,22388,1.6,11.8,2116.561544,0,0,53,HENNEPIN,27053,0.907991,25
5391,MN,MN,27,55418,3,1,0,7,Y,1,5,25,1500,1500,122687,122887,4.3,6,2116.561544,0,0,53,HENNEPIN,27053,0.907991,25
5392,MN,MN,27,55418,3,1,1,7,Y,5,5,50,1400,1600,20288,20288,0.7,62.2,2179.503255,0,0,53,HENNEPIN,27053,0.907991,25
5393,MN,MN,27,55419,3,1,0,2,Y,2,5,23,1700,1702,121487,121687,5.5,6.8,2246.96884,0,0,53,HENNEPIN,27053,0.907991,25
5394,MN,MN,27,55419,3,1,1,1,Y,2,5,27,1800,1800,122687,122887,3.3,13.9,2246.96884,0,0,53,HENNEPIN,27053,0.907991,25
5395,MN,MN,27,55419,3,1,0,4,Y,5,5,37,900,905,11288,11488,5.5,6.2,2179.503255,0,0,53,HENNEPIN,27053,0.907991,25
5396,MN,MN,27,55419,3,1,0,4,Y,3,5,47,730,730,20288,20288,2.5,18,2119.396234,0,0,53,HENNEPIN,27053,0.907991,25
5397,MN,MN,27,55420,3,1,0,1,Y,3,5,23,1800,1345,121387,121687,2.7,10.8,2119.396234,0,0,53,HENNEPIN,27053,0.907991,25
5398,MN,MN,27,55420,3,1,0,7,Y,2,5,41,2000,2000,12488,12688,8.4,3.8,2246.96884,0,0,53,HENNEPIN,27053,0.907991,25
5399,MN,MN,27,55422,3,1,0,2,Y,2,5,28,2208,2208,12188,12388,3.3,8.5,2246.96884,0,0,53,HENNEPIN,27053,0.907991,25
5400,MN,MN,27,55422,3,2,0,4,Y,4,5,43,1930,830,12088,12288,3.2,9.6,2314.365189,0,0,53,HENNEPIN,27053,0.907991,25
5402,MN,MN,27,55423,3,1,0,2,Y,2,5,33,630,800,123087,10188,1.7,66.3,2246.96884,0,0,53,HENNEPIN,27053,0.907991,25
5403,MN,MN,27,55423,3,1,0,4,Y,4,5,40,1000,1000,12388,12588,5.7,4.5,2314.365189,0,0,53,HENNEPIN,27053,0.907991,25
5404,MN,MN,27,55423,3,1,0,4,Y,4,5,45,800,800,12788,12988,13,3.8,2314.365189,0,0,53,HENNEPIN,27053,0.907991,25
5405,MN,MN,27,55423,3,1,0,4,Y,3,5,48,700,730,33188,40488,2.7,10.9,2119.396234,0,0,53,HENNEPIN,27053,0.907991,25
5406,MN,MN,27,55424,3,1,0,4,Y,5,5,45,1900,1900,12688,12888,4.7,5.8,2179.503255,0,0,53,HENNEPIN,27053,0.907991,25
5407,MN,MN,27,55426,3,1,0,4,Y,1,5,41,1000,1000,13088,20288,5.6,6.2,2116.561544,0,0,53,HENNEPIN,27053,0.907991,25
5408,MN,MN,27,55426,3,1,0,4,Y,3,5,42,1245,700,41388,41588,13.8,7.4,2119.396234,0,0,53,HENNEPIN,27053,0.907991,25
5409,MN,MN,27,55426,3,1,1,1,N,2,5,43,1250,1250,12688,12888,7.6,4.8,2246.96884,0,0,53,HENNEPIN,27053,0.907991,25
5410,MN,MN,27,55427,3,1,0,0,Y,2,5,32,1245,1245,11588,11788,5.7,5.8,2246.96884,0,0,53,HENNEPIN,27053,0.907991,25
5412,MN,MN,27,55427,3,1,0,4,Y,1,5,48,1700,1700,20288,20288,7.6,3.7,2116.561544,0,0,53,HENNEPIN,27053,0.907991,25
5413,MN,MN,27,55428,3,1,0,2,Y,1,5,34,1430,1300,31188,31488,2.6,7,2116.561544,0,0,53,HENNEPIN,27053,0.907991,25
5415,MN,MN,27,55428,3,1,0,2,Y,4,5,39,2200,2200,12688,12888,5.9,5.6,2314.365189,0,0,53,HENNEPIN,27053,0.907991,25
5416,MN,MN,27,55428,3,1,0,2,Y,3,5,48,1300,1300,20288,20288,2.2,11.8,2119.396234,0,0,53,HENNEPIN,27053,0.907991,25
5418,MN,MN,27,55429,3,1,0,4,Y,4,5,35,1845,1850,122987,123187,4,7.9,2314.365189,0,0,53,HENNEPIN,27053,0.907991,25
5419,MN,MN,27,55430,3,0,0,0, ,3,5,21,1620,1807,120287,121087,4.6,9,2119.396234,0,0,53,HENNEPIN,27053,0.907991,25
5420,MN,MN,27,55430,3,1,0,2,Y,3,5,38,1445,1505,11388,11588,4.6,6.9,2119.396234,0,0,53,HENNEPIN,27053,0.907991,25
5421,MN,MN,27,55430,3,1,0,4,Y,2,5,43,1430,1430,11988,12188,10.9,4.1,2246.96884,0,0,53,HENNEPIN,27053,0.907991,25
5422,MN,MN,27,55431,3,1,0,4,Y,3,5,29,2000,1430,123087,10188,7.6,3.9,2119.396234,0,0,53,HENNEPIN,27053,0.907991,25
5424,MN,MN,27,55433,3,1,0,7,Y,2,5,22,1500,2200,121287,121487,1.5,13.2,2246.96884,0,0,53,HENNEPIN,27053,0.907991,25
5425,MN,MN,27,55434,3,1,1,7,Y,4,5,48,700,700,20288,20288,1.6,13.6,2314.365189,0,0,53,HENNEPIN,27053,0.907991,25
5426,MN,MN,27,55435,3,1,0,2,Y,4,5,23,1900,800,10188,10188,16.5,2.1,2314.365189,0,0,53,HENNEPIN,27053,0.907991,25
5427,MN,MN,27,55435,3,1,0,2,Y,5,5,27,1900,1900,11088,11288,3.1,7.6,2179.503255,0,0,53,HENNEPIN,27053,0.907991,25
5428,MN,MN,27,55436,3,1,0,2,Y,5,5,21,1900,1900,120287,121087,5.1,7.4,2179.503255,0,0,53,HENNEPIN,27053,0.907991,25
5430,MN,MN,27,55436,3,0,0,0, ,4,5,42,2100,2200,11788,11988,6,7.1,2314.365189,0,0,53,HENNEPIN,27053,0.907991,25
5431,MN,MN,27,55436,3,5,1,2,N,4,5,47,1745,1745,20288,20288,0.9,22.2,2314.365189,0,0,53,HENNEPIN,27053,0.907991,25
5433,MN,MN,27,55437,3,1,0,4,Y,5,5,26,900,900,11188,11388,3.9,9.2,2179.503255,0,0,53,HENNEPIN,27053,0.907991,25
5435,MN,MN,27,55437,3,2,1,7,Y,5,5,44,1500,1500,20288,20288,0.4,0,2179.503255,0,0,53,HENNEPIN,27053,0.907991,25
5436,MN,MN,27,55437,3,1,0,2,Y,1,5,4,1100,1100,30388,30388,2.6,10.9,2116.561544,0,0,53,HENNEPIN,27053,0.907991,25
5437,MN,MN,27,55441,3,1,0,2,Y,3,5,29,1750,1750,11088,11288,3.6,7.3,2119.396234,0,0,53,HENNEPIN,27053,0.907991,25
5439,MN,MN,27,55441,3,1,0,4,Y,2,5,3,1800,1700,30388,31188,23.6,2.7,2246.96884,2,0,53,HENNEPIN,27053,0.907991,25
5440,MN,MN,27,55442,3,1,0,4,Y,1,5,26,1245,1345,121787,121987,3.9,8.7,2116.561544,0,0,53,HENNEPIN,27053,0.907991,25
5441,MN,MN,27,55442,3,1,0,4,Y,5,5,49,735,740,20288,21088,2.9,7.6,2179.503255,0,0,53,HENNEPIN,27053,0.907991,25
5442,MN,MN,27,55444,3,1,0,4,Y,4,5,31,1830,1845,121987,122187,3,14.2,2314.365189,0,0,53,HENNEPIN,27053,0.907991,25
5443,MN,MN,27,55444,3,1,0,1,Y,3,5,34,1800,2035,122287,122487,4.7,10.3,2119.396234,0,0,53,HENNEPIN,27053,0.907991,25
5444,MN,MN,27,55444,3,1,0,4,Y,1,5,36,1600,1600,122687,122887,3,8.2,2116.561544,0,0,53,HENNEPIN,27053,0.907991,25
5445,MN,MN,27,55444,3,0,0,0, ,5,5,46,1900,1900,12688,12888,4.2,6.3,2179.503255,0,0,53,HENNEPIN,27053,0.907991,25
5446,MN,MN,27,55447,3,1,0,2,Y,3,5,36,1440,1824,11088,11288,3.8,30.5,2119.396234,0,0,53,HENNEPIN,27053,0.907991,25
5447,MN,MN,27,55447,3,1,0,4,Y,3,5,47,1830,1830,20288,20288,3,9.1,2119.396234,0,0,53,HENNEPIN,27053,0.907991,25
5449,MN,MN,27,55447,3,5,1,0,N,2,5,4,2115,2115,22888,30388,2.9,7.8,2246.96884,0,0,53,HENNEPIN,27053,0.907991,25
5450,MN,MN,27,55919,4,1,0,0,Y,3,3,25,925,925,121287,121487,3.4,7.8,1071.318034,0,0,55,HOUSTON,27055,1.65455,26
5451,MN,MN,27,55921,4,1,0,4,Y,4,3,28,1030,1025,123187,10188,8.5,3.9,990.411554,0,0,55,HOUSTON,27055,1.65455,26
5452,MN,MN,27,55921,4,1,0,2,Y,2,3,42,800,800,11788,11988,9,3.5,921.864905,0,0,55,HOUSTON,27055,1.65455,26
5453,MN,MN,27,55941,4,1,1,3,Y,5,3,46,800,845,20288,20288,4.8,5.1,893.23743,0,0,55,HOUSTON,27055,1.65455,26
5454,MN,MN,27,55947,4,1,0,2,Y,3,3,41,1830,1600,11688,11988,3.6,8.6,1071.318034,0,0,55,HOUSTON,27055,1.65455,26
5455,MN,MN,27,55974,4,1,1,3,Y,2,3,43,1000,1000,12688,12888,2.2,11,921.864905,0,0,55,HOUSTON,27055,1.65455,26
5456,MN,MN,27,56461,2,1,1,1,Y,4,3,35,700,700,11388,11588,2.8,10.8,990.411554,0,0,57,HUBBARD,27057,0.66992,27
5457,MN,MN,27,56467,2,1,1,1,Y,1,3,33,900,900,122087,122287,0.8,21.1,1024.442902,0,0,57,HUBBARD,27057,0.66992,27
5459,MN,MN,27,56633,2,1,0,4,Y,3,3,40,2230,2230,12388,12588,4.6,5.7,1071.318034,0,0,57,HUBBARD,27057,0.66992,27
5460,MN,MN,27,56633,2,1,1,2,N,2,3,47,1600,1600,20288,20288,3.7,7,921.864905,0,0,57,HUBBARD,27057,0.66992,27
5462,MN,MN,27,55008,5,1,0,4,Y,2,3,3,1730,1730,22388,22588,3,9.1,921.864905,0,0,59,ISANTI,27059,0.471483,28
5463,MN,MN,27,55371,5,1,0,4,Y,2,4,31,1000,1000,122687,122887,2.2,9.5,1146.49919,0,0,59,ISANTI,27059,0.471483,28
5464,MN,MN,27,55709,2,1,0,4,Y,4,3,26,2130,2245,121387,121587,1.9,18.1,990.411554,0,0,61,ITASCA,27061,0.515124,29
5465,MN,MN,27,55721,2,1,0,2,Y,4,3,46,1205,1250,20288,20288,2.6,37.8,990.411554,0,0,61,ITASCA,27061,0.515124,29
5466,MN,MN,27,55721,2,2,0,4,Y,5,3,4,645,645,30388,30388,1.8,11.6,893.23743,0,0,61,ITASCA,27061,0.515124,29
5467,MN,MN,27,55744,2,1,0,0,Y,4,3,23,828,836,121287,121487,2.4,10.1,990.411554,0,0,61,ITASCA,27061,0.515124,29
5468,MN,MN,27,55744,2,0,0,0, ,5,3,23,1700,2300,121587,121787,4.3,5.9,893.23743,0,0,61,ITASCA,27061,0.515124,29
5469,MN,MN,27,55744,2,1,0,2,Y,1,3,30,700,700,122287,122487,2.6,10,1024.442902,0,0,61,ITASCA,27061,0.515124,29
5470,MN,MN,27,55744,2,1,0,2,Y,2,3,36,2030,2230,122787,122987,1.1,25.5,921.864905,0,0,61,ITASCA,27061,0.515124,29
5471,MN,MN,27,55744,2,1,0,2,Y,2,3,1,2100,2100,22488,22688,3.3,8.3,921.864905,0,0,61,ITASCA,27061,0.515124,29
5472,MN,MN,27,55769,2,1,0,2,Y,2,3,44,1300,1300,12088,12288,2.5,9.7,921.864905,0,0,61,ITASCA,27061,0.515124,29
5473,MN,MN,27,55775,2,1,0,4,Y,4,3,28,2100,2100,121687,121887,9.4,3.9,990.411554,0,0,61,ITASCA,27061,0.515124,29
5474,MN,MN,27,56636,2,1,0,4,Y,5,3,30,1100,1100,22588,22788,1.3,14,893.23743,0,0,61,ITASCA,27061,0.515124,29
5475,MN,MN,27,56119,5,1,0,4,Y,2,4,49,1715,1447,21888,22188,8.4,3.6,1146.49919,0,0,63,JACKSON,27063,1.36209,30
5476,MN,MN,27,56137,5,1,0,4,Y,4,4,41,2000,2000,11888,12088,5,6.4,1177.377355,0,0,63,JACKSON,27063,1.36209,30
5477,MN,MN,27,56143,5,1,0,3,Y,3,4,22,900,900,121887,122187,2.9,7.6,1214.922779,0,0,63,JACKSON,27063,1.36209,30
5478,MN,MN,27,56143,5,1,0,4,Y,4,4,49,1600,1750,20288,20288,13.1,3.2,1177.377355,0,0,63,JACKSON,27063,1.36209,30
5479,MN,MN,27,56150,5,1,0,7,Y,1,4,33,1300,1300,122787,122987,15.3,3.9,1088.985661,0,0,63,JACKSON,27063,1.36209,30
5483,MN,MN,27,55051,5,1,0,0,Y,2,4,50,1300,1300,20288,20288,2.6,9,1146.49919,0,0,65,KANABEC,27065,0.948014,31
5484,MN,MN,27,56201,5,1,0,0,Y,4,4,28,930,930,122887,123087,11.3,4.2,1177.377355,0,0,67,KANDIYOHI,27067,1.11598,32
5485,MN,MN,27,56201,5,1,0,4,Y,1,4,35,2000,2000,41188,41488,4.1,6.5,1088.985661,0,0,67,KANDIYOHI,27067,1.11598,32
5486,MN,MN,27,56201,5,1,0,4, ,5,4,47,1615,1630,40488,40488,12.3,3.4,1105.956867,0,0,67,KANDIYOHI,27067,1.11598,32
5487,MN,MN,27,56201,5,1,0,4,Y,1,4,48,1835,1840,20288,20288,6.7,6.8,1088.985661,0,0,67,KANDIYOHI,27067,1.11598,32
5488,MN,MN,27,56733,2,1,0,4,Y,2,1,43,1800,1800,11988,12188,6.9,5,348.042925,0,0,69,KITTSON,27069,0.992227,33
5490,MN,MN,27,56743,2,1,1,2,N,4,1,29,1847,2230,121987,122187,0.9,36.2,464.057234,0,0,69,KITTSON,27069,0.992227,33
5491,MN,MN,27,56649,2,1,0,4,Y,5,2,26,2130,2235,121387,121587,1.7,19.4,471.366223,0,0,71,KOOCHICHING,27071,0.414025,34
5492,MN,MN,27,56649,2,1,0,4,Y,3,2,35,1540,700,10188,10188,1.4,16.6,433.316718,0,0,71,KOOCHICHING,27071,0.414025,34
5493,MN,MN,27,56649,2,1,1,3,N,1,2,30,700,700,122887,123087,2,16.4,485.435931,0,0,71,KOOCHICHING,27071,0.414025,34
5494,MN,MN,27,56649,2,1,1,3,N,4,2,1,1230,1230,22388,22588,1,25.2,461.274696,0,0,71,KOOCHICHING,27071,0.414025,34
5495,MN,MN,27,56653,2,1,0,2,Y,3,2,24,1630,1630,121687,121887,1,24.3,433.316718,0,0,71,KOOCHICHING,27071,0.414025,34
5496,MN,MN,27,56660,2,1,1,3,N,3,2,34,1000,1000,122287,122487,2.8,10,433.316718,0,0,71,KOOCHICHING,27071,0.414025,34
5497,MN,MN,27,56679,2,1,1,2,N,2,2,43,940,940,12788,12988,1.3,16.3,461.62367,0,0,71,KOOCHICHING,27071,0.414025,34
5498,MN,MN,27,56256,5,1,1,2,Y,5,4,31,930,930,122087,122287,11.3,3,1105.956867,0,0,73,LAC QUI PARLE,27073,1.36483,35
5499,MN,MN,27,56256,5,1,0,7,Y,4,4,42,1030,1100,21688,21888,16,3,1177.377355,0,0,73,LAC QUI PARLE,27073,1.36483,35
5500,MN,MN,27,55603,1,1,1,3,N,3,1,28,820,830,121387,121587,1.3,13.5,348.042925,0,0,75,LAKE,27075,0.500776,36
5501,MN,MN,27,55614,1,1,0,4,Y,3,1,30,730,730,122887,123087,1.3,21.4,348.042925,0,0,75,LAKE,27075,0.500776,36
5502,MN,MN,27,55616,1,1,0,4,Y,1,1,21,1800,1800,120287,121187,1.6,15.8,507.562599,0,0,75,LAKE,27075,0.500776,36
5503,MN,MN,27,55616,1,1,0,0,Y,2,1,24,1500,1500,121287,121487,0.9,40.7,348.042925,0,0,75,LAKE,27075,0.500776,36
5504,MN,MN,27,55616,1,1,0,4,Y,2,1,33,2030,2230,122687,122887,2.8,14.3,348.042925,0,0,75,LAKE,27075,0.500776,36
5506,MN,MN,27,55616,1,1,0,4,Y,1,1,22,1900,1900,122787,122987,1.5,20.6,507.562599,0,0,75,LAKE,27075,0.500776,36
5508,MN,MN,27,55616,1,1,0,4,Y,4,1,1,900,900,22488,22688,0.5,0,464.057234,0,0,75,LAKE,27075,0.500776,36
5509,MN,MN,27,56623,2,1,0,4,Y,5,1,31,1530,1530,10188,10188,10.1,4.5,348.042925,0,0,77,LAKE OF THE WOODS,27077,0.505752,37
5510,MN,MN,27,56623,2,1,1,4,Y,4,1,37,800,800,10188,10188,4.3,7.3,464.057234,0,0,77,LAKE OF THE WOODS,27077,0.505752,37
5512,MN,MN,27,56686,2,1,1,1,N,3,1,50,900,900,20288,20288,2.9,8.6,348.042925,0,0,77,LAKE OF THE WOODS,27077,0.505752,37
5513,MN,MN,27,56017,4,1,0,4,Y,1,3,47,1550,1556,20288,20288,12.5,3.5,1024.442902,0,0,79,LE SUEUR,27079,1.21464,38
5514,MN,MN,27,56028,4,1,1,1,Y,5,3,26,900,900,121587,121787,4.2,12.2,893.23743,0,0,79,LE SUEUR,27079,1.21464,38
5515,MN,MN,27,56069,4,1,0,2,Y,2,3,25,850,850,121387,121687,4.5,6.3,921.864905,0,0,79,LE SUEUR,27079,1.21464,38
5516,MN,MN,27,56069,4,1,0,0,Y,4,3,26,800,800,10188,10188,3.9,8.1,990.411554,0,0,79,LE SUEUR,27079,1.21464,38
5518,MN,MN,27,56136,5,1,0,4, ,4,4,23,1830,1900,122987,123187,17.5,6.2,1177.377355,0,0,81,LINCOLN,27081,1.56034,39
5519,MN,MN,27,56136,5,1,0,2,Y,1,4,44,1330,1330,12688,12888,10.6,4,1088.985661,0,0,81,LINCOLN,27081,1.56034,39
5521,MN,MN,27,56149,5,1,1,7,Y,3,4,40,1115,1115,11788,11988,3.5,11.6,1214.922779,0,0,81,LINCOLN,27081,1.56034,39
5522,MN,MN,27,56115,5,1,0,4,Y,1,4,23,1945,2230,21688,21888,6.5,7.4,1088.985661,0,0,83,LYON,27083,1.48399,40
5524,MN,MN,27,56175,5,1,0,7,Y,4,4,31,1100,1100,122387,122587,5.1,5.1,1177.377355,0,0,83,LYON,27083,1.48399,40
5525,MN,MN,27,56258,5,1,0,4,Y,3,4,21,1700,1700,120287,121087,12,3.9,1214.922779,0,0,83,LYON,27083,1.48399,40
5527,MN,MN,27,56258,5,1,0,2,Y,1,4,1,1900,2100,30388,30388,8.9,5.3,1088.985661,0,0,83,LYON,27083,1.48399,40
5528,MN,MN,27,56258,5,1,0,2,Y,5,4,1,1100,1102,22588,22788,5.8,4.8,1105.956867,0,0,83,LYON,27083,1.48399,40
5529,MN,MN,27,56264,5,1,0,4,Y,1,4,28,1600,1558,121687,121887,4.6,6.2,1088.985661,0,0,83,LYON,27083,1.48399,40
5530,MN,MN,27,56589,2,1,0,2,Y,5,2,1,700,700,22888,30388,3.9,5.4,471.366223,0,0,87,MAHNOMEN,27087,1.16137,41
5531,MN,MN,27,56701,2,1,1,3,N,4,4,2,2250,2253,22588,22788,1.5,14.1,1177.377355,0,0,89,MARSHALL,27089,1.01386,42
5532,MN,MN,27,56710,2,1,0,4,Y,2,1,47,1220,1226,12688,12888,23.8,2.2,348.042925,2,0,89,MARSHALL,27089,1.01386,42
5533,MN,MN,27,56727,2,5,1,3,N,5,1,23,1500,1500,123087,10188,0.9,29.7,348.042925,1,0,89,MARSHALL,27089,1.01386,42
5534,MN,MN,27,56738,2,1,1,3,N,3,1,2,1330,1330,22488,22688,1.4,15.6,348.042925,0,0,89,MARSHALL,27089,1.01386,42
5535,MN,MN,27,56738,2,1,1,3,Y,2,1,3,1300,1315,22688,22888,1.1,16.1,348.042925,0,0,89,MARSHALL,27089,1.01386,42
5536,MN,MN,27,56757,2,1,0,2,Y,1,1,39,1900,1945,11788,11988,2.8,12.9,507.562599,0,0,89,MARSHALL,27089,1.01386,42
5537,MN,MN,27,56757,2,1,0,4,Y,2,1,4,1800,1515,22388,22588,48.2,1.8,348.042925,2,0,89,MARSHALL,27089,1.01386,42
5538,MN,MN,27,56762,2,1,1,3,Y,1,1,35,1815,1815,122887,123087,0.9,30.7,507.562599,0,0,89,MARSHALL,27089,1.01386,42
5539,MN,MN,27,56762,2,1,0,4,Y,5,1,47,800,1300,41288,41488,8.3,4.2,348.042925,0,0,89,MARSHALL,27089,1.01386,42
5541,MN,MN,27,56031,5,2,1,1,Y,5,4,33,1100,1100,122787,122987,0.5,0,1105.956867,1,0,91,MARTIN,27091,1.18041,43
5542,MN,MN,27,56031,5,1,0,4,Y,4,4,44,1800,1800,20288,20288,6.7,7.7,1177.377355,1,0,91,MARTIN,27091,1.18041,43
5543,MN,MN,27,56031,5,1,0,4,Y,5,4,47,1730,1730,20288,20288,7.5,7,1105.956867,0,0,91,MARTIN,27091,1.18041,43
5544,MN,MN,27,56031,5,1,0,4,Y,1,4,49,900,1000,20288,20288,9.2,3.5,1088.985661,0,0,91,MARTIN,27091,1.18041,43
5547,MN,MN,27,55336,5,1,0,2,Y,4,3,34,1630,1630,122687,122887,10.3,3.7,990.411554,0,0,85,MCLEOD,27085,1.15076,44
5550,MN,MN,27,55336,5,1,0,4,Y,1,3,45,1230,1230,12688,12888,9.9,6.4,1024.442902,0,0,85,MCLEOD,27085,1.15076,44
5552,MN,MN,27,55350,5,1,0,2,Y,2,3,30,0,0,122087,122287,4.4,11,921.864905,0,0,85,MCLEOD,27085,1.15076,44
5553,MN,MN,27,55350,5,1,0,4,Y,5,3,34,1630,1630,122287,122487,2.8,9.9,893.23743,0,0,85,MCLEOD,27085,1.15076,44
5554,MN,MN,27,55350,5,1,1,3,Y,3,3,30,1530,1500,11088,11288,1.1,35.3,1071.318034,0,0,85,MCLEOD,27085,1.15076,44
5555,MN,MN,27,55350,5,1,0,4,Y,1,3,35,1300,1300,122787,123087,1.2,18.2,1024.442902,0,0,85,MCLEOD,27085,1.15076,44
5556,MN,MN,27,55350,5,2,1,3,Y,3,3,38,800,900,11488,11688,1.6,34.4,1071.318034,0,0,85,MCLEOD,27085,1.15076,44
5557,MN,MN,27,55350,5,1,1,3,Y,4,3,39,1100,1100,11788,11988,25.4,2,990.411554,2,0,85,MCLEOD,27085,1.15076,44
5558,MN,MN,27,55350,5,1,1,3,Y,4,3,43,1809,1700,12088,12288,0,0,990.411554,0,0,85,MCLEOD,27085,1.15076,44
5559,MN,MN,27,55350,5,1,0,4,Y,4,3,1,800,815,31088,31288,10.6,3.8,990.411554,0,0,85,MCLEOD,27085,1.15076,44
5560,MN,MN,27,55325,5,1,0,4,Y,5,4,49,1710,1800,20288,20288,2.3,16.3,1105.956867,0,0,93,MEEKER,27093,1.02424,45
5561,MN,MN,27,55355,5,1,0,7,Y,3,4,28,800,1104,121787,121987,3.9,6.7,1214.922779,0,0,93,MEEKER,27093,1.02424,45
5562,MN,MN,27,55355,5,1,0,4,Y,2,4,29,800,800,121987,122187,7.2,4.7,1146.49919,0,0,93,MEEKER,27093,1.02424,45
5565,MN,MN,27,55371,5,1,1,3,Y,4,4,21,800,800,121487,121687,0.5,54.1,1177.377355,0,0,95,MILLE LACS,27095,0.810536,46
5566,MN,MN,27,56358,5,1,0,0,Y,2,4,37,1700,1700,122787,122987,5.7,8.2,1146.49919,0,0,95,MILLE LACS,27095,0.810536,46
5567,MN,MN,27,56345,2,1,0,2,Y,1,3,21,1415,1415,121287,121487,1.4,14.5,1024.442902,0,0,97,MORRISON,27097,0.910987,47
5570,MN,MN,27,56345,2,1,0,7,Y,2,3,40,1040,1040,11988,12188,2.4,11.1,921.864905,0,0,97,MORRISON,27097,0.910987,47
5571,MN,MN,27,56345,2,1,0,2,Y,4,3,45,1430,1440,12688,12888,4.9,7.2,990.411554,0,0,97,MORRISON,27097,0.910987,47
5572,MN,MN,27,56345,2,1,1,3,Y,5,3,46,2000,2000,12688,12888,3,9.2,893.23743,0,0,97,MORRISON,27097,0.910987,47
5573,MN,MN,27,56364,2,1,0,4,Y,3,3,34,1630,1630,122887,123087,3,12.4,1071.318034,0,0,97,MORRISON,27097,0.910987,47
5574,MN,MN,27,56382,2,1,0,4,Y,5,3,47,915,915,20288,20288,2.8,8.9,893.23743,0,0,97,MORRISON,27097,0.910987,47
5575,MN,MN,27,56466,2,1,0,1,Y,5,3,48,1600,1800,20288,20288,3.9,12.9,893.23743,0,0,97,MORRISON,27097,0.910987,47
5577,MN,MN,27,55912,4,1,0,2,Y,1,3,29,2100,2100,121687,121887,6.4,6.9,1024.442902,0,0,99,MOWER,27099,1.29814,48
5578,MN,MN,27,55912,4,1,0,4,Y,3,3,30,1330,1500,121987,122187,2,10.9,1071.318034,0,0,99,MOWER,27099,1.29814,48
5579,MN,MN,27,55912,4,1,0,4,Y,1,3,35,1900,1900,122887,123087,3,10.9,1024.442902,0,0,99,MOWER,27099,1.29814,48
5580,MN,MN,27,55912,4,1,0,0,Y,5,3,42,1400,1400,11688,11888,4.5,6,893.23743,0,0,99,MOWER,27099,1.29814,48
5581,MN,MN,27,55912,4,1,0,2,Y,5,3,50,1845,645,22188,22388,2.1,12.8,893.23743,0,0,99,MOWER,27099,1.29814,48
5582,MN,MN,27,55912,4,0,0,0, ,1,3,4,1800,1800,22688,22888,8,4.1,1024.442902,0,0,99,MOWER,27099,1.29814,48
5583,MN,MN,27,55917,4,1,1,2,Y,2,3,23,1130,1230,121187,121387,1.3,18.5,921.864905,0,0,99,MOWER,27099,1.29814,48
5585,MN,MN,27,55936,4,1,1,3,Y,1,3,33,1300,1300,122287,122487,1.1,26.9,1024.442902,0,0,99,MOWER,27099,1.29814,48
5586,MN,MN,27,55936,4,1,0,4,Y,2,3,2,900,1130,30388,31088,10.6,4,921.864905,0,0,99,MOWER,27099,1.29814,48
5587,MN,MN,27,55967,4,1,0,7,Y,5,3,29,1625,1700,121787,122087,24,2.2,893.23743,2,0,99,MOWER,27099,1.29814,48
5588,MN,MN,27,55982,4,1,0,4,Y,2,3,1,1030,1030,22788,22988,9.1,3.4,921.864905,0,0,99,MOWER,27099,1.29814,48
5589,MN,MN,27,56123,5,1,0,2,Y,2,4,39,2245,2245,11688,11888,12.1,5,1146.49919,0,0,101,MURRAY,27101,1.49011,49
5591,MN,MN,27,56021,5,1,0,2,Y,4,4,40,645,645,11988,12188,10.8,4.1,1177.377355,0,0,103,NICOLLET,27103,1.28152,50
5595,MN,MN,27,56187,5,1,0,4,Y,5,4,32,1000,1000,10188,11088,6.2,5.1,1105.956867,0,0,105,NOBLES,27105,1.49998,51
5596,MN,MN,27,56187,5,1,0,4,Y,2,4,35,2115,2115,122887,123087,9.7,4.9,1146.49919,0,0,105,NOBLES,27105,1.49998,51
5597,MN,MN,27,56510,2,1,0,4,Y,5,3,29,2200,2200,11288,11488,8.1,4.5,893.23743,0,0,107,NORMAN,27107,1.30372,52
5600,MN,MN,27,55901,4,1,0,4,Y,3,3,22,1645,1645,120287,121087,6.4,5.6,1071.318034,0,0,109,OLMSTED,27109,1.27526,53
5601,MN,MN,27,55901,4,1,0,4,Y,1,3,34,1800,1915,122787,122987,4.4,9,1024.442902,0,0,109,OLMSTED,27109,1.27526,53
5602,MN,MN,27,55901,4,1,0,1,Y,1,3,35,1000,1000,22188,22388,11.2,2.8,1024.442902,0,0,109,OLMSTED,27109,1.27526,53
5605,MN,MN,27,55901,4,1,0,2,Y,5,3,44,1600,1600,12788,12988,8,4.5,893.23743,0,0,109,OLMSTED,27109,1.27526,53
5607,MN,MN,27,55901,4,1,0,4,Y,4,3,42,1830,1745,20288,20288,3.2,9.3,990.411554,0,0,109,OLMSTED,27109,1.27526,53
5608,MN,MN,27,55901,4,1,0,4,Y,2,3,50,1851,1846,20288,20288,5,5.5,921.864905,0,0,109,OLMSTED,27109,1.27526,53
5609,MN,MN,27,55901,4,1,0,1,Y,3,3,2,811,1340,30388,30388,4.1,6.3,1071.318034,0,0,109,OLMSTED,27109,1.27526,53
5610,MN,MN,27,55902,4,1,0,2,Y,5,3,41,1400,1415,11788,11988,1.1,16.5,893.23743,0,0,109,OLMSTED,27109,1.27526,53
5611,MN,MN,27,55904,4,5,0,4,Y,4,3,26,700,700,121487,121687,2,15.9,990.411554,0,0,109,OLMSTED,27109,1.27526,53
5612,MN,MN,27,55904,4,1,1,3,Y,5,3,34,2200,1300,122287,122587,1.1,24.1,893.23743,0,0,109,OLMSTED,27109,1.27526,53
5614,MN,MN,27,55904,4,1,0,4,Y,4,3,38,1600,1600,11288,11488,2.1,14,990.411554,0,0,109,OLMSTED,27109,1.27526,53
5615,MN,MN,27,55904,4,1,0,2,Y,5,3,40,700,700,12088,12288,7.8,4.5,893.23743,0,0,109,OLMSTED,27109,1.27526,53
5616,MN,MN,27,55904,4,1,0,4,Y,1,3,41,630,633,11788,11988,3.8,6.5,1024.442902,0,0,109,OLMSTED,27109,1.27526,53
5617,MN,MN,27,55904,4,1,0,2,Y,1,3,43,1830,1830,12188,12388,2.5,12.2,1024.442902,0,0,109,OLMSTED,27109,1.27526,53
5619,MN,MN,27,55904,4,5,1,3,N,2,3,46,600,600,20288,21188,1.7,16.6,921.864905,0,0,109,OLMSTED,27109,1.27526,53
5620,MN,MN,27,55929,4,1,0,1,Y,5,3,26,2100,2100,122987,123187,2.5,10.9,893.23743,0,0,109,OLMSTED,27109,1.27526,53
5621,MN,MN,27,55932,4,1,0,4,N,5,3,34,700,700,122387,122587,9.4,4.1,893.23743,0,0,109,OLMSTED,27109,1.27526,53
5622,MN,MN,27,55976,4,1,1,3,N,2,3,24,2030,2200,121287,121487,0.6,29.1,921.864905,0,0,109,OLMSTED,27109,1.27526,53
5623,MN,MN,27,56515,2,1,0,4,Y,2,3,29,1230,1230,122587,122887,2.7,27.4,921.864905,0,0,111,OTTER TAIL,27111,0.814867,54
5624,MN,MN,27,56515,2,1,1,3,N,3,3,35,700,700,21988,22188,1.1,49.1,1071.318034,0,0,111,OTTER TAIL,27111,0.814867,54
5625,MN,MN,27,56537,2,1,1,3,Y,5,3,30,2030,2230,21088,21288,2.1,18.7,893.23743,0,0,111,OTTER TAIL,27111,0.814867,54
5626,MN,MN,27,56537,2,1,0,4,Y,5,3,46,2100,2110,20288,20288,12,3.1,893.23743,0,0,111,OTTER TAIL,27111,0.814867,54
5627,MN,MN,27,56567,2,1,1,3,N,2,3,32,800,800,122887,123087,12.6,3.7,921.864905,0,0,111,OTTER TAIL,27111,0.814867,54
5628,MN,MN,27,56572,2,1,0,4,Y,3,3,24,700,700,121387,121587,3.2,7,1071.318034,0,0,111,OTTER TAIL,27111,0.814867,54
5629,MN,MN,27,56586,2,1,0,4,Y,1,3,38,900,900,122887,123087,4.2,7.6,1024.442902,0,0,111,OTTER TAIL,27111,0.814867,54
5630,MN,MN,27,56588,2,1,0,7,Y,1,3,40,645,745,12188,12388,3.8,8.7,1024.442902,0,0,111,OTTER TAIL,27111,0.814867,54
5631,MN,MN,27,56701,2,1,1,3,Y,2,4,28,2000,2000,22088,22288,3.7,7.6,1146.49919,0,0,113,PENNINGTON,27113,0.928646,55
5632,MN,MN,27,56701,2,1,0,4,Y,3,4,34,1000,1000,10188,10188,5.8,4.6,1214.922779,0,0,113,PENNINGTON,27113,0.928646,55
5633,MN,MN,27,56701,2,1,1,3,Y,4,4,37,1617,1617,20288,20288,0.3,0,1177.377355,0,0,113,PENNINGTON,27113,0.928646,55
5634,MN,MN,27,55063,5,1,0,2,Y,2,4,45,1858,1900,12688,12888,4.1,22.8,1146.49919,0,0,115,PINE,27115,0.849343,56
5635,MN,MN,27,55063,5,1,0,4,Y,2,4,2,1120,1600,31488,31688,2.8,11.7,1146.49919,0,0,115,PINE,27115,0.849343,56
5636,MN,MN,27,55704,5,1,0,4,Y,3,4,35,930,815,122287,122587,1.9,18.2,1214.922779,0,0,115,PINE,27115,0.849343,56
5637,MN,MN,27,55704,5,1,1,3,Y,1,4,36,1415,1415,122687,122887,1.2,32,1088.985661,0,0,115,PINE,27115,0.849343,56
5641,MN,MN,27,56164,5,2,0,4,Y,5,3,23,1025,1025,121287,121487,1.7,11.6,893.23743,0,0,117,PIPESTONE,27117,1.61382,57
5642,MN,MN,27,56164,5,2,0,4,Y,2,3,31,1845,1844,10188,10188,12.1,3.3,921.864905,0,0,117,PIPESTONE,27117,1.61382,57
5643,MN,MN,27,56164,5,1,1,3,Y,4,3,41,1900,1930,11988,12188,4.3,7,990.411554,0,0,117,PIPESTONE,27117,1.61382,57
5644,MN,MN,27,56540,2,1,0,4,Y,1,3,24,900,1030,121387,121587,6.9,4.1,1024.442902,0,0,119,POLK,27119,1.30488,58
5645,MN,MN,27,56556,2,1,1,7,Y,2,3,26,1400,1400,10188,10188,1.4,28.6,921.864905,0,0,119,POLK,27119,1.30488,58
5646,MN,MN,27,56684,2,1,1,1,N,1,3,34,1900,1845,122687,122887,2.5,9.3,1024.442902,0,0,119,POLK,27119,1.30488,58
5647,MN,MN,27,56716,2,1,0,2,Y,4,3,1,1700,1700,22388,22588,9.6,4.1,990.411554,0,0,119,POLK,27119,1.30488,58
5648,MN,MN,27,56334,5,1,0,2,Y,2,4,35,1800,1800,122887,123087,3.8,8.7,1146.49919,0,0,121,POPE,27121,1.32465,59
5650,MN,MN,27,55101,3,1,0,4,Y,2,5,27,1630,1800,121387,121587,6.8,4.7,2246.96884,1,0,123,RAMSEY,27123,0.658327,60
5651,MN,MN,27,55101,3,1,0,4,Y,4,5,34,700,700,122887,123087,3.6,9.8,2314.365189,0,0,123,RAMSEY,27123,0.658327,60
5653,MN,MN,27,55102,3,2,0,4,Y,3,5,49,2200,1700,20288,20288,2.6,8.1,2119.396234,0,0,123,RAMSEY,27123,0.658327,60
5654,MN,MN,27,55103,3,1,0,4,Y,4,5,25,1600,1605,121287,121687,2.1,12.5,2314.365189,0,0,123,RAMSEY,27123,0.658327,60
5655,MN,MN,27,55105,3,1,0,4,Y,1,5,34,2300,800,122887,123187,7,5.2,2116.561544,0,0,123,RAMSEY,27123,0.658327,60
5657,MN,MN,27,55106,3,1,0,4,Y,1,2,22,947,1301,122187,122387,3.8,9,485.435931,1,0,123,RAMSEY,27123,0.658327,60
5658,MN,MN,27,55106,3,1,0,4,Y,3,5,30,1200,1200,11188,11388,3.5,6.4,2119.396234,0,0,123,RAMSEY,27123,0.658327,60
5659,MN,MN,27,55106,3,1,0,2,Y,1,5,39,2000,2200,12688,12888,4.2,6.8,2116.561544,0,0,123,RAMSEY,27123,0.658327,60
5660,MN,MN,27,55107,3,2,1,1,Y,3,5,26,900,900,121487,121687,1.6,19.8,2119.396234,0,0,123,RAMSEY,27123,0.658327,60
5661,MN,MN,27,55107,3,1,1,3,Y,1,5,45,1430,930,12788,12988,2.8,9.6,2116.561544,0,0,123,RAMSEY,27123,0.658327,60
5662,MN,MN,27,55108,3,1,0,7,Y,3,5,41,2000,2000,12188,12388,8.6,4.2,2119.396234,0,0,123,RAMSEY,27123,0.658327,60
5664,MN,MN,27,55109,3,1,0,4,Y,4,5,37,705,705,11188,11388,5.2,4.4,2314.365189,0,0,123,RAMSEY,27123,0.658327,60
5665,MN,MN,27,55110,3,1,0,4,Y,4,5,37,1100,1100,11288,11488,2.7,11,2314.365189,0,0,123,RAMSEY,27123,0.658327,60
5666,MN,MN,27,55112,3,1,0,4,Y,1,5,47,2250,2255,20288,20288,1.2,16.7,2116.561544,0,0,123,RAMSEY,27123,0.658327,60
5667,MN,MN,27,55112,3,1,0,2,Y,1,5,2,1201,1530,22488,22688,3.5,6.5,2116.561544,0,0,123,RAMSEY,27123,0.658327,60
5668,MN,MN,27,55113,3,1,0,2,Y,5,5,24,1830,1830,121387,121587,5.5,5.3,2179.503255,0,0,123,RAMSEY,27123,0.658327,60
5669,MN,MN,27,55116,3,1,1,1,Y,1,5,26,930,930,122887,123087,10.1,11.6,2116.561544,0,0,123,RAMSEY,27123,0.658327,60
5670,MN,MN,27,55116,3,1,0,7,Y,4,5,27,1700,1700,12388,12588,5.5,5.2,2314.365189,0,0,123,RAMSEY,27123,0.658327,60
5671,MN,MN,27,55116,3,1,0,2,Y,2,5,1,930,930,40488,40488,1.2,17.2,2246.96884,0,0,123,RAMSEY,27123,0.658327,60
5672,MN,MN,27,55117,3,1,0,2,Y,3,5,47,1900,1955,20288,20288,4.9,6.4,2119.396234,0,0,123,RAMSEY,27123,0.658327,60
5673,MN,MN,27,55119,3,1,0,7,Y,3,5,32,616,616,122187,122387,4,9.4,2119.396234,0,0,123,RAMSEY,27123,0.658327,60
5674,MN,MN,27,55119,3,1,0,4,Y,3,5,25,1600,1600,122787,122987,3.5,11.3,2119.396234,0,0,123,RAMSEY,27123,0.658327,60
5676,MN,MN,27,55119,3,1,0,2,Y,4,5,44,1000,800,12488,12688,1.2,15.3,2314.365189,0,0,123,RAMSEY,27123,0.658327,60
5677,MN,MN,27,55119,3,1,0,1,Y,2,5,46,1800,1800,12688,12888,2.7,10,2246.96884,0,0,123,RAMSEY,27123,0.658327,60
5678,MN,MN,27,55126,3,1,0,4,Y,4,5,21,900,900,121687,121887,1.7,13.9,2314.365189,0,0,123,RAMSEY,27123,0.658327,60
5679,MN,MN,27,55126,3,1,0,2,Y,2,5,39,1845,1850,11788,11988,3.1,12.4,2246.96884,0,0,123,RAMSEY,27123,0.658327,60
5680,MN,MN,27,55126,3,1,0,2,N,5,5,39,1115,1115,13088,20288,0.7,48.2,2179.503255,0,0,123,RAMSEY,27123,0.658327,60
5681,MN,MN,27,55126,3,2,0,4,Y,4,5,47,2250,2250,20288,20288,1,22.9,2314.365189,0,0,123,RAMSEY,27123,0.658327,60
5682,MN,MN,27,56152,5,1,0,4,Y,1,4,24,700,700,122187,122387,1.9,14.8,1088.985661,0,0,127,REDWOOD,27127,1.44242,61
5683,MN,MN,27,56152,5,1,0,4,Y,4,4,25,1300,1330,121287,121487,3.8,6.5,1177.377355,0,0,127,REDWOOD,27127,1.44242,61
5684,MN,MN,27,56214,5,1,0,4,Y,3,4,40,1445,1500,12388,12588,8.9,3.7,1214.922779,1,0,127,REDWOOD,27127,1.44242,61
5685,MN,MN,27,56283,5,1,0,2,Y,5,4,28,1000,1000,121987,122187,7.4,4.5,1105.956867,0,0,127,REDWOOD,27127,1.44242,61
5686,MN,MN,27,56283,5,1,1,2,Y,1,4,27,2000,2100,31688,31888,20.7,2.5,1088.985661,0,0,127,REDWOOD,27127,1.44242,61
5688,MN,MN,27,55314,5,1,0,4,Y,5,4,44,1857,600,12088,12388,2.1,12.1,1105.956867,0,0,129,RENVILLE,27129,1.46313,62
5689,MN,MN,27,56230,5,1,1,2,N,5,4,39,1720,1725,11688,11888,5.8,4.9,1105.956867,0,0,129,RENVILLE,27129,1.46313,62
5690,MN,MN,27,55021,4,1,0,4,Y,2,3,26,700,700,121687,121887,9.7,4.4,921.864905,0,0,131,RICE,27131,1.21306,63
5692,MN,MN,27,55021,4,1,0,7,Y,3,3,36,1100,1100,122887,123087,4.6,7.8,1071.318034,0,0,131,RICE,27131,1.21306,63
5693,MN,MN,27,55021,4,1,0,4,Y,4,3,39,840,943,11888,12088,5.6,4.8,990.411554,0,0,131,RICE,27131,1.21306,63
5695,MN,MN,27,55021,4,1,1,3, ,4,3,45,800,800,20288,20288,2.4,8.6,990.411554,0,0,131,RICE,27131,1.21306,63
5697,MN,MN,27,55046,4,1,0,4,Y,4,3,42,1100,1100,11788,11988,5.1,4.6,990.411554,0,0,131,RICE,27131,1.21306,63
5699,MN,MN,27,55057,4,1,0,4,Y,3,3,25,600,2100,121487,121687,8.1,7.4,1071.318034,0,0,131,RICE,27131,1.21306,63
5700,MN,MN,27,55946,4,1,0,5,Y,4,3,24,2045,530,121587,121887,4.7,6.3,990.411554,0,0,131,RICE,27131,1.21306,63
5701,MN,MN,27,56156,5,1,0,4,Y,2,4,46,1400,1400,20288,20288,8.4,4,1146.49919,0,0,133,ROCK,27133,1.69558,64
5702,MN,MN,27,56156,5,1,0,4,Y,1,4,4,2205,2330,30388,31088,1.6,19,1088.985661,0,0,133,ROCK,27133,1.69558,64
5703,MN,MN,27,56726,2,1,1,7,Y,5,2,36,1615,1658,122887,123087,6,6.7,471.366223,0,0,135,ROSEAU,27135,0.808928,65
5704,MN,MN,27,56726,2,1,1,3,Y,2,2,38,1000,1000,123187,10188,1.1,21.9,461.62367,0,0,135,ROSEAU,27135,0.808928,65
5705,MN,MN,27,56751,2,1,0,4,Y,1,2,22,2300,800,11588,11788,11.4,3.8,485.435931,0,0,135,ROSEAU,27135,0.808928,65
5706,MN,MN,27,56751,2,1,1,3,N,5,2,33,645,650,122187,122387,4.3,7.6,471.366223,1,0,135,ROSEAU,27135,0.808928,65
5708,MN,MN,27,56751,2,1,0,2,Y,2,2,38,1215,1245,122887,123087,10.3,4.3,461.62367,0,0,135,ROSEAU,27135,0.808928,65
5709,MN,MN,27,56751,2,1,1,4,Y,4,2,38,1900,1925,122687,122887,3.4,7.5,461.274696,0,0,135,ROSEAU,27135,0.808928,65
5710,MN,MN,27,56751,2,1,0,4,Y,5,2,38,1415,1405,122687,122887,3.1,8.5,471.366223,0,0,135,ROSEAU,27135,0.808928,65
5711,MN,MN,27,56756,2,1,0,4,Y,3,2,22,2200,2157,121087,121287,3.6,10.5,433.316718,0,0,135,ROSEAU,27135,0.808928,65
5715,MN,MN,27,56763,2,1,1,3,N,1,2,32,2100,2200,122687,122887,1.7,12.2,485.435931,0,0,135,ROSEAU,27135,0.808928,65
5716,MN,MN,27,56763,2,1,1,3,N,4,2,42,2030,2030,11788,11988,4.2,9.6,461.274696,0,0,135,ROSEAU,27135,0.808928,65
5717,MN,MN,27,55044,5,0,1,0, ,1,2,39,1700,1700,11888,12088,19.3,2.8,485.435931,2,0,139,SCOTT,27139,1.06515,66
5718,MN,MN,27,55044,5,1,1,1,N,4,2,43,930,930,12288,12488,9.1,3.7,461.274696,0,0,139,SCOTT,27139,1.06515,66
5721,MN,MN,27,55372,5,1,0,4,Y,1,4,26,800,800,20288,20288,10.2,4.1,1088.985661,0,0,139,SCOTT,27139,1.06515,66
5722,MN,MN,27,55372,5,1,1,2,Y,5,4,40,1500,1500,31388,31588,2.1,10.6,1105.956867,2,0,139,SCOTT,27139,1.06515,66
5723,MN,MN,27,55372,5,1,0,5,Y,1,4,49,2230,2230,20288,20288,1.2,16.7,1088.985661,0,0,139,SCOTT,27139,1.06515,66
5725,MN,MN,27,55379,5,1,1,3, ,2,4,42,1830,1835,11888,12088,2,15.9,1146.49919,0,0,139,SCOTT,27139,1.06515,66
5726,MN,MN,27,55379,5,1,0,4,Y,5,4,46,800,800,20288,20288,4.3,5.6,1105.956867,0,0,139,SCOTT,27139,1.06515,66
5728,MN,MN,27,56071,5,2,0,4,Y,1,3,29,2045,2115,11088,11288,5.4,5.2,1024.442902,0,0,139,SCOTT,27139,1.06515,66
5729,MN,MN,27,56071,5,1,0,4,Y,2,3,39,1800,1800,11588,11788,25.2,2.1,921.864905,2,0,139,SCOTT,27139,1.06515,66
5730,MN,MN,27,55308,5,1,0,4,Y,5,3,29,1700,1230,22188,22488,5.1,5,893.23743,2,0,141,SHERBURNE,27141,0.504879,67
5731,MN,MN,27,55319,5,1,0,2,Y,2,3,21,1200,1200,123087,10188,2.3,21.6,921.864905,0,0,141,SHERBURNE,27141,0.504879,67
5732,MN,MN,27,55330,5,1,0,2,Y,2,3,29,1800,1800,31788,31988,3.2,10.3,921.864905,0,0,141,SHERBURNE,27141,0.504879,67
5733,MN,MN,27,55330,5,1,0,1, ,3,3,2,1800,1800,22388,22588,2.5,10.7,1071.318034,0,0,141,SHERBURNE,27141,0.504879,67
5734,MN,MN,27,55398,5,1,0,4,Y,4,3,42,1158,1550,11988,12188,2.8,10.2,990.411554,0,0,141,SHERBURNE,27141,0.504879,67
5735,MN,MN,27,55398,5,1,0,4,Y,3,3,49,900,2000,22088,22588,3.1,10.3,1071.318034,0,0,141,SHERBURNE,27141,0.504879,67
5736,MN,MN,27,56304,5,1,0,2,Y,3,3,37,1825,1213,122887,123187,1.6,12.4,1071.318034,0,0,141,SHERBURNE,27141,0.504879,67
5737,MN,MN,27,56304,5,1,0,4,Y,4,3,3,1755,1925,22388,22588,4.7,6.8,990.411554,0,0,141,SHERBURNE,27141,0.504879,67
5738,MN,MN,27,55366,5,1,0,4,Y,1,4,21,945,945,120287,121087,4,8,1088.985661,1,0,143,SIBLEY,27143,1.26771,68
5739,MN,MN,27,55396,5,1,0,7,Y,5,4,21,800,800,121487,121687,5,7.7,1105.956867,0,0,143,SIBLEY,27143,1.26771,68
5740,MN,MN,27,56044,5,1,0,4,Y,4,4,33,1410,1410,122887,123087,1.5,20,1177.377355,0,0,143,SIBLEY,27143,1.26771,68
5741,MN,MN,27,56044,5,1,0,4,Y,1,4,47,1735,1735,20288,20288,4.8,6.6,1088.985661,0,0,143,SIBLEY,27143,1.26771,68
5744,MN,MN,27,55705,1,1,0,4,Y,4,2,40,800,800,11788,11988,2.4,8.8,461.274696,0,0,137,ST LOUIS,27137,0.622088,69
5745,MN,MN,27,55706,1,1,0,4,Y,1,2,26,1130,1130,121287,121487,2.3,9,485.435931,0,0,137,ST LOUIS,27137,0.622088,69
5746,MN,MN,27,55706,1,1,0,2,Y,2,2,26,2130,2130,121487,121687,4.6,8.1,461.62367,0,0,137,ST LOUIS,27137,0.622088,69
5747,MN,MN,27,55706,1,1,0,7,Y,1,2,45,920,922,20288,20288,11,3.1,485.435931,0,0,137,ST LOUIS,27137,0.622088,69
5748,MN,MN,27,55706,1,1,0,2,Y,2,2,50,600,600,20288,20288,14.9,2.5,461.62367,0,0,137,ST LOUIS,27137,0.622088,69
5749,MN,MN,27,55710,1,0,0,0, ,4,2,21,1200,1400,120287,121387,8.6,4.2,461.274696,0,0,137,ST LOUIS,27137,0.622088,69
5750,MN,MN,27,55713,1,1,0,4,Y,5,2,35,1200,1200,10188,10188,4.5,5.5,471.366223,0,0,137,ST LOUIS,27137,0.622088,69
5751,MN,MN,27,55719,1,1,0,4,Y,4,2,26,700,800,121687,121887,1.5,14.9,461.274696,0,0,137,ST LOUIS,27137,0.622088,69
5752,MN,MN,27,55719,1,1,0,4,Y,5,2,30,900,915,122087,122287,3.9,10.4,471.366223,0,0,137,ST LOUIS,27137,0.622088,69
5753,MN,MN,27,55719,1,1,0,4,Y,1,2,34,2200,2200,122887,123087,1.8,13.7,485.435931,0,0,137,ST LOUIS,27137,0.622088,69
5754,MN,MN,27,55719,1,1,0,4,Y,2,2,47,1600,1600,20288,20288,1.6,9.8,461.62367,0,0,137,ST LOUIS,27137,0.622088,69
5757,MN,MN,27,55731,1,1,1,3,Y,4,2,24,1210,1410,121287,121487,0.5,29.7,461.274696,0,0,137,ST LOUIS,27137,0.622088,69
5758,MN,MN,27,55731,1,1,0,2,Y,3,2,47,830,830,20288,20288,8.7,4,433.316718,0,0,137,ST LOUIS,27137,0.622088,69
5759,MN,MN,27,55732,1,1,1,1,Y,4,2,45,1620,1620,12288,12488,1.6,11.3,461.274696,0,0,137,ST LOUIS,27137,0.622088,69
5761,MN,MN,27,55734,1,1,0,2,Y,5,2,44,2100,2100,12088,12288,8.7,3.9,471.366223,0,0,137,ST LOUIS,27137,0.622088,69
5762,MN,MN,27,55734,1,1,0,4,Y,2,2,45,1740,1740,21088,21288,11.1,3.5,461.62367,0,0,137,ST LOUIS,27137,0.622088,69
5764,MN,MN,27,55734,1,1,0,4,Y,5,2,3,600,530,22488,22688,1.1,24.2,471.366223,0,0,137,ST LOUIS,27137,0.622088,69
5765,MN,MN,27,55741,1,1,1,3,Y,2,2,3,1530,1535,30388,31088,0.9,35.3,461.62367,0,0,137,ST LOUIS,27137,0.622088,69
5766,MN,MN,27,55746,1,1,0,4,Y,4,2,22,800,800,121787,121987,0.7,24.2,461.274696,0,0,137,ST LOUIS,27137,0.622088,69
5768,MN,MN,27,55746,1,1,0,3,Y,3,2,28,1545,1545,121487,121787,3.4,7.5,433.316718,1,0,137,ST LOUIS,27137,0.622088,69
5769,MN,MN,27,55746,1,1,1,7,Y,5,2,31,1500,1500,122787,122987,2.1,16.7,471.366223,0,0,137,ST LOUIS,27137,0.622088,69
5770,MN,MN,27,55746,1,1,0,0,Y,2,2,34,1530,1530,10188,10188,2.9,9.3,461.62367,0,0,137,ST LOUIS,27137,0.622088,69
5771,MN,MN,27,55746,1,1,0,2,Y,4,2,37,1530,1530,122687,122887,1.8,12.3,461.274696,0,0,137,ST LOUIS,27137,0.622088,69
5772,MN,MN,27,55746,1,1,0,4,Y,4,2,35,1630,1630,11188,11388,1.8,20.2,461.274696,0,0,137,ST LOUIS,27137,0.622088,69
5773,MN,MN,27,55746,1,1,0,4,Y,5,2,39,600,600,11688,11888,2.4,8.9,471.366223,0,0,137,ST LOUIS,27137,0.622088,69
5774,MN,MN,27,55746,1,1,0,2,Y,5,2,41,1330,1330,12088,12288,1.7,12.3,471.366223,0,0,137,ST LOUIS,27137,0.622088,69
5775,MN,MN,27,55746,1,1,1,3,Y,2,2,50,1700,1700,20288,21088,0.8,37.1,461.62367,0,0,137,ST LOUIS,27137,0.622088,69
5776,MN,MN,27,55746,1,1,0,7,Y,3,2,50,1900,1900,20288,20288,11.7,3.1,433.316718,0,0,137,ST LOUIS,27137,0.622088,69
5777,MN,MN,27,55750,1,1,0,2,Y,3,2,45,915,915,12388,12588,1.8,9.9,433.316718,0,0,137,ST LOUIS,27137,0.622088,69
5778,MN,MN,27,55750,1,1,0,4,Y,5,2,49,1400,400,20288,20288,2.8,8.3,471.366223,0,0,137,ST LOUIS,27137,0.622088,69
5779,MN,MN,27,55751,1,1,1,3,Y,3,2,30,700,710,122287,122487,3.5,8.5,433.316718,0,0,137,ST LOUIS,27137,0.622088,69
5781,MN,MN,27,55763,1,1,0,4,Y,3,2,40,830,830,11888,12088,3.5,9.9,433.316718,0,0,137,ST LOUIS,27137,0.622088,69
5782,MN,MN,27,55765,1,1,0,4,Y,5,2,25,1000,1030,121387,121587,3,7.3,471.366223,0,0,137,ST LOUIS,27137,0.622088,69
5784,MN,MN,27,55765,1,1,0,4,Y,4,2,50,1000,1015,21188,21388,3.1,10.8,461.274696,0,0,137,ST LOUIS,27137,0.622088,69
5785,MN,MN,27,55768,1,1,0,2,Y,3,2,1,2015,1600,30388,30388,3.3,9,433.316718,0,0,137,ST LOUIS,27137,0.622088,69
5789,MN,MN,27,55782,1,1,0,7,Y,3,2,21,730,730,121287,121487,1.5,16.1,433.316718,0,0,137,ST LOUIS,27137,0.622088,69
5792,MN,MN,27,55792,1,1,0,4,Y,2,2,24,630,632,121587,121787,2.1,13.1,461.62367,0,0,137,ST LOUIS,27137,0.622088,69
5794,MN,MN,27,55792,1,1,0,4,Y,4,2,33,1730,1730,122287,122487,1.5,15.9,461.274696,0,0,137,ST LOUIS,27137,0.622088,69
5795,MN,MN,27,55792,1,1,0,2,Y,3,2,34,1000,1430,11188,11388,1.3,24.4,433.316718,0,0,137,ST LOUIS,27137,0.622088,69
5796,MN,MN,27,55792,1,1,0,4,Y,3,2,36,1800,1800,10188,10188,3.1,10.5,433.316718,0,0,137,ST LOUIS,27137,0.622088,69
5797,MN,MN,27,55792,1,1,0,4,Y,1,2,42,1900,1900,11788,11988,7.2,5.7,485.435931,1,0,137,ST LOUIS,27137,0.622088,69
5798,MN,MN,27,55792,1,1,0,4,Y,1,2,46,1055,1056,12788,12988,1.4,15.7,485.435931,0,0,137,ST LOUIS,27137,0.622088,69
5799,MN,MN,27,55792,1,1,0,4,Y,4,2,45,1600,1600,20288,20288,1.3,18.5,461.274696,0,0,137,ST LOUIS,27137,0.622088,69
5800,MN,MN,27,55803,1,1,0,4,Y,2,2,21,2000,2000,11188,11388,1.5,34.2,461.62367,0,0,137,ST LOUIS,27137,0.622088,69
5802,MN,MN,27,55803,1,1,0,2,Y,3,2,24,530,530,121487,121687,2.3,9.2,433.316718,0,0,137,ST LOUIS,27137,0.622088,69
5804,MN,MN,27,55803,1,1,0,7,Y,2,2,25,900,900,122987,123187,1.2,21.8,461.62367,0,0,137,ST LOUIS,27137,0.622088,69
5807,MN,MN,27,55804,1,1,0,4,Y,1,2,25,1000,1000,121387,121587,1.4,12.9,485.435931,0,0,137,ST LOUIS,27137,0.622088,69
5808,MN,MN,27,55804,1,1,1,2,Y,3,2,27,2122,1910,121387,121787,7.2,5.5,433.316718,0,0,137,ST LOUIS,27137,0.622088,69
5809,MN,MN,27,55804,1,1,0,4,Y,4,2,35,1230,1230,122987,123187,1.1,19.6,461.274696,0,0,137,ST LOUIS,27137,0.622088,69
5811,MN,MN,27,55804,1,1,0,4,Y,5,2,39,1900,2100,11488,11688,3.2,8.6,471.366223,0,0,137,ST LOUIS,27137,0.622088,69
5812,MN,MN,27,55804,1,1,0,4,Y,4,2,41,1900,1900,12788,12988,1.5,13.8,461.274696,0,0,137,ST LOUIS,27137,0.622088,69
5813,MN,MN,27,55804,1,1,0,0,Y,1,2,43,1510,2200,11688,11888,3.6,6,485.435931,0,0,137,ST LOUIS,27137,0.622088,69
5814,MN,MN,27,55804,1,1,0,4,Y,3,2,43,2200,2200,11788,11988,0.8,41,433.316718,0,0,137,ST LOUIS,27137,0.622088,69
5815,MN,MN,27,55804,1,1,0,2,Y,4,2,44,1800,1911,12088,12288,1.6,15.4,461.274696,0,0,137,ST LOUIS,27137,0.622088,69
5816,MN,MN,27,55804,1,1,0,4,Y,3,2,49,1610,800,20288,20288,1.4,11.7,433.316718,0,0,137,ST LOUIS,27137,0.622088,69
5817,MN,MN,27,55804,1,1,0,2,Y,3,2,50,850,850,21488,21688,2.7,8,433.316718,0,0,137,ST LOUIS,27137,0.622088,69
5818,MN,MN,27,55804,1,1,0,4,Y,2,2,1,835,835,22788,22988,3.3,7.2,461.62367,0,0,137,ST LOUIS,27137,0.622088,69
5820,MN,MN,27,55805,1,1,0,3,Y,4,2,37,1130,1130,10188,10188,0.6,27.1,461.274696,1,0,137,ST LOUIS,27137,0.622088,69
5821,MN,MN,27,55805,1,1,0,3,Y,5,2,2,1627,907,22688,22888,2,12.9,471.366223,0,0,137,ST LOUIS,27137,0.622088,69
5822,MN,MN,27,55805,1,1,0,4,Y,4,2,3,1700,1800,31488,31688,1.9,15.2,461.274696,0,0,137,ST LOUIS,27137,0.622088,69
5823,MN,MN,27,55806,1,1,0,4,Y,3,2,26,1100,1100,121287,121487,0.9,20.3,433.316718,0,0,137,ST LOUIS,27137,0.622088,69
5824,MN,MN,27,55806,1,1,0,0,Y,4,2,26,725,825,121487,121687,5.4,4.9,461.274696,0,0,137,ST LOUIS,27137,0.622088,69
5826,MN,MN,27,55807,1,1,0,4,Y,5,2,28,800,800,121787,121987,3.1,8.1,471.366223,0,0,137,ST LOUIS,27137,0.622088,69
5827,MN,MN,27,55807,1,1,0,0,Y,4,2,31,1600,1600,121987,122187,1.8,12.6,461.274696,0,0,137,ST LOUIS,27137,0.622088,69
5828,MN,MN,27,55807,1,1,1,3,N,2,2,33,2000,2000,122987,123187,0.9,35,461.62367,0,0,137,ST LOUIS,27137,0.622088,69
5830,MN,MN,27,55807,1,1,0,4,Y,2,2,37,2000,2030,123187,10188,1.7,15.8,461.62367,0,0,137,ST LOUIS,27137,0.622088,69
5831,MN,MN,27,55807,1,1,0,2,Y,3,2,41,1400,1400,12188,12388,3.1,8.9,433.316718,0,0,137,ST LOUIS,27137,0.622088,69
5832,MN,MN,27,55807,1,1,1,3,Y,3,2,46,1700,1700,12688,12988,0.7,24.2,433.316718,0,0,137,ST LOUIS,27137,0.622088,69
5834,MN,MN,27,55807,1,1,0,4,Y,1,2,3,1015,1015,22588,22788,1.4,15.4,485.435931,0,0,137,ST LOUIS,27137,0.622088,69
5835,MN,MN,27,55807,1,1,0,2,Y,2,2,4,1645,1733,22388,22588,1.8,16,461.62367,0,0,137,ST LOUIS,27137,0.622088,69
5836,MN,MN,27,55808,1,0,0,2,Y,1,2,35,2225,1800,11288,11588,1.5,63.3,485.435931,1,0,137,ST LOUIS,27137,0.622088,69
5838,MN,MN,27,55808,1,1,0,7,Y,2,2,27,1015,1115,11288,11488,2.4,14.1,461.62367,0,0,137,ST LOUIS,27137,0.622088,69
5839,MN,MN,27,55808,1,1,0,4,Y,1,2,50,1500,1500,20288,20288,2.7,7.8,485.435931,0,0,137,ST LOUIS,27137,0.622088,69
5840,MN,MN,27,55810,1,1,0,4,Y,3,2,25,1330,1300,122687,122887,1.7,25.7,433.316718,0,0,137,ST LOUIS,27137,0.622088,69
5841,MN,MN,27,55810,1,1,1,3,N,2,2,41,710,710,12088,12288,1.1,65.2,461.62367,0,0,137,ST LOUIS,27137,0.622088,69
5842,MN,MN,27,55810,1,1,1,3,Y,5,2,43,1100,1100,12488,12788,1.8,9.4,471.366223,0,0,137,ST LOUIS,27137,0.622088,69
5843,MN,MN,27,55810,1,1,0,4,Y,5,2,4,1600,1600,22988,30388,0.2,0,471.366223,0,0,137,ST LOUIS,27137,0.622088,69
5844,MN,MN,27,55811,1,1,0,4,Y,5,2,27,1100,1155,122287,122787,2.2,12.5,471.366223,0,0,137,ST LOUIS,27137,0.622088,69
5845,MN,MN,27,55811,1,1,0,4,Y,1,2,28,1300,1300,121387,121587,4.6,5.3,485.435931,0,0,137,ST LOUIS,27137,0.622088,69
5846,MN,MN,27,55811,1,1,0,2,Y,1,2,29,2000,2000,121687,121887,2.1,12.6,485.435931,0,0,137,ST LOUIS,27137,0.622088,69
5847,MN,MN,27,55811,1,1,0,4,Y,2,2,39,800,930,11888,12088,2,15.5,461.62367,0,0,137,ST LOUIS,27137,0.622088,69
5849,MN,MN,27,55811,1,1,0,2,Y,2,2,46,1700,2045,12888,13088,6.4,5.1,461.62367,0,0,137,ST LOUIS,27137,0.622088,69
5850,MN,MN,27,55811,1,1,0,4,Y,1,2,1,1710,1725,31288,31488,3,8.2,485.435931,0,0,137,ST LOUIS,27137,0.622088,69
5851,MN,MN,27,55811,1,1,0,2,Y,4,2,1,1920,1920,22488,22688,2,12.8,461.274696,0,0,137,ST LOUIS,27137,0.622088,69
5852,MN,MN,27,55812,1,1,0,7,Y,3,2,30,1300,1300,121987,122187,0.9,21.5,433.316718,0,0,137,ST LOUIS,27137,0.622088,69
5853,MN,MN,27,55812,1,1,0,4,Y,4,2,30,1200,1200,10188,11088,3.3,7.8,461.274696,0,0,137,ST LOUIS,27137,0.622088,69
5854,MN,MN,27,55812,1,5,0,4,Y,2,2,44,1630,1630,12188,12388,1.8,12.3,461.62367,0,0,137,ST LOUIS,27137,0.622088,69
5855,MN,MN,27,55812,1,1,0,4,Y,2,2,45,1400,1400,20288,20288,1.8,14.8,461.62367,0,0,137,ST LOUIS,27137,0.622088,69
5857,MN,MN,27,55972,1,1,0,4,Y,5,2,23,1010,1010,121287,121487,4.3,6.4,471.366223,0,0,137,ST LOUIS,27137,0.622088,69
5859,MN,MN,27,56301,2,1,0,7,Y,1,3,22,1900,2150,120287,121087,6.4,5.1,1024.442902,0,0,145,STEARNS,27145,1.12344,70
5861,MN,MN,27,56301,2,1,0,3,N,2,3,24,1959,1959,121387,121587,2.1,9.2,921.864905,0,0,145,STEARNS,27145,1.12344,70
5862,MN,MN,27,56301,2,1,0,4,Y,1,3,32,930,1530,122087,122287,3.3,11.2,1024.442902,0,0,145,STEARNS,27145,1.12344,70
5863,MN,MN,27,56301,2,1,0,2,Y,2,3,35,1155,1150,123187,10188,1.3,16,921.864905,0,0,145,STEARNS,27145,1.12344,70
5864,MN,MN,27,56301,2,1,0,4,Y,4,3,26,930,1200,122787,122987,5,7.4,990.411554,0,0,145,STEARNS,27145,1.12344,70
5865,MN,MN,27,56301,2,1,1,3,Y,4,3,37,1130,1030,122787,122987,1,18.3,990.411554,1,0,145,STEARNS,27145,1.12344,70
5866,MN,MN,27,56303,2,1,0,4,Y,2,3,27,740,827,122187,122387,7,5.9,921.864905,0,0,145,STEARNS,27145,1.12344,70
5867,MN,MN,27,56303,2,1,0,2,Y,1,3,34,845,845,10188,10188,5.7,5.9,1024.442902,0,0,145,STEARNS,27145,1.12344,70
5868,MN,MN,27,56303,2,1,0,7, ,1,3,49,800,800,20288,20288,10.1,3.6,1024.442902,0,0,145,STEARNS,27145,1.12344,70
5869,MN,MN,27,56303,2,1,0,2,Y,3,3,49,1530,1530,20288,20288,6.6,5.2,1071.318034,1,0,145,STEARNS,27145,1.12344,70
5870,MN,MN,27,56303,2,1,1,5,Y,3,3,3,1600,1600,31288,31488,2.6,17,1071.318034,0,0,145,STEARNS,27145,1.12344,70
5872,MN,MN,27,56307,2,1,1,3,Y,2,3,33,2200,2245,122787,122987,1.5,21.6,921.864905,0,0,145,STEARNS,27145,1.12344,70
5873,MN,MN,27,56310,2,1,0,4,Y,2,3,28,903,927,121987,122187,5,5.6,921.864905,0,0,145,STEARNS,27145,1.12344,70
5874,MN,MN,27,56310,2,1,0,4,Y,5,3,48,1800,1800,20288,20288,7.4,4.3,893.23743,0,0,145,STEARNS,27145,1.12344,70
5875,MN,MN,27,56320,2,1,0,2,Y,5,3,32,2100,2100,122187,122387,14.5,3.5,893.23743,1,0,145,STEARNS,27145,1.12344,70
5876,MN,MN,27,56320,2,1,0,3,Y,4,3,25,2230,2230,122887,123087,1.8,13.8,990.411554,0,0,145,STEARNS,27145,1.12344,70
5878,MN,MN,27,56340,2,1,0,4,Y,2,3,48,2330,2330,40488,40488,2.6,8.5,921.864905,0,0,145,STEARNS,27145,1.12344,70
5879,MN,MN,27,56368,2,1,0,4,Y,5,4,27,845,845,11888,12088,3.7,9.9,1105.956867,0,0,145,STEARNS,27145,1.12344,70
5880,MN,MN,27,56374,2,1,0,2,N,5,3,23,730,700,121287,121487,1.9,9.5,893.23743,0,0,145,STEARNS,27145,1.12344,70
5881,MN,MN,27,56378,2,1,1,3,Y,5,3,40,1930,1930,11688,11888,2.2,10.2,893.23743,0,0,145,STEARNS,27145,1.12344,70
5882,MN,MN,27,56379,2,1,0,4,Y,3,3,1,1955,2205,22388,22588,5,6.8,1071.318034,0,0,145,STEARNS,27145,1.12344,70
5883,MN,MN,27,55060,4,1,0,7,Y,4,3,31,2300,455,121987,122287,7.3,4,990.411554,0,0,147,STEELE,27147,1.30971,71
5884,MN,MN,27,55060,4,1,0,4,Y,2,3,34,1030,1030,122387,122587,3.7,10.6,921.864905,1,0,147,STEELE,27147,1.30971,71
5885,MN,MN,27,55060,4,1,0,4,Y,4,3,40,1900,2100,12188,12388,2.9,9,990.411554,0,0,147,STEELE,27147,1.30971,71
5886,MN,MN,27,55060,4,1,0,2,Y,2,3,41,1730,1730,12488,12688,4.4,6,921.864905,0,0,147,STEELE,27147,1.30971,71
5887,MN,MN,27,55060,4,1,0,4,Y,3,3,42,2000,2000,11788,11988,8.4,3.9,1071.318034,0,0,147,STEELE,27147,1.30971,71
5889,MN,MN,27,55060,4,1,0,4,Y,3,3,46,1200,1200,20288,20288,3.6,6.7,1071.318034,0,0,147,STEELE,27147,1.30971,71
5890,MN,MN,27,55917,4,1,0,2,Y,5,3,2,1700,1700,30388,30388,1.5,13.5,893.23743,0,0,147,STEELE,27147,1.30971,71
5891,MN,MN,27,56072,4,1,0,4,Y,2,3,22,800,800,121587,121787,8.6,4.2,921.864905,0,0,147,STEELE,27147,1.30971,71
5892,MN,MN,27,56093,4,1,0,2,Y,3,3,43,1600,1700,20288,20288,10.6,3.5,1071.318034,0,0,147,STEELE,27147,1.30971,71
5893,MN,MN,27,56221,5,1,0,2,Y,4,4,39,900,900,11888,12088,8,3.8,1177.377355,0,0,149,STEVENS,27149,1.60124,72
5894,MN,MN,27,56267,5,1,0,4,Y,4,4,4,1150,1250,31288,31488,4.5,5.4,1177.377355,0,0,149,STEVENS,27149,1.60124,72
5895,MN,MN,27,56215,5,1,0,7,Y,1,4,34,1330,1400,122887,123087,3,10.5,1088.985661,0,0,151,SWIFT,27151,1.37167,73
5897,MN,MN,27,56215,5,1,0,0,Y,4,4,36,1200,1200,12688,12888,1.5,15.1,1177.377355,0,0,151,SWIFT,27151,1.37167,73
5898,MN,MN,27,56252,5,1,0,4,Y,2,4,42,1500,1900,11988,12188,4.8,6.3,1146.49919,0,0,151,SWIFT,27151,1.37167,73
5899,MN,MN,27,56336,2,1,0,4,Y,1,3,43,1200,1200,12088,12288,6.8,4.7,1024.442902,0,0,153,TODD,27153,0.95424,74
5900,MN,MN,27,56347,2,1,0,4,Y,4,3,29,730,745,122487,122687,2.1,9.7,990.411554,0,0,153,TODD,27153,0.95424,74
5901,MN,MN,27,56347,2,1,1,3,Y,5,3,2,1645,1645,30388,31088,6,5.1,893.23743,0,0,153,TODD,27153,0.95424,74
5902,MN,MN,27,56236,5,1,1,3,Y,3,2,31,1550,1605,122687,122887,2.9,8.3,433.316718,0,0,155,TRAVERSE,27155,1.64476,75
5903,MN,MN,27,56292,5,1,0,4,Y,4,2,47,930,830,21988,22288,6.7,4.6,461.274696,0,0,155,TRAVERSE,27155,1.64476,75
5904,MN,MN,27,56296,5,1,0,4,Y,3,2,32,1830,2230,122887,10188,19.3,3,433.316718,0,0,155,TRAVERSE,27155,1.64476,75
5905,MN,MN,27,56296,5,1,0,7,Y,5,2,32,1100,2300,21188,21388,4,7.5,471.366223,0,0,155,TRAVERSE,27155,1.64476,75
5906,MN,MN,27,55041,4,0,0,0, ,2,3,37,1800,1800,31288,31488,5.9,8.6,921.864905,0,0,157,WABASHA,27157,1.16193,76
5907,MN,MN,27,55041,4,1,0,4,Y,5,3,43,900,900,12388,12588,9,4.2,893.23743,0,0,157,WABASHA,27157,1.16193,76
5909,MN,MN,27,55932,4,1,1,3,Y,1,3,2,1830,1830,22588,22788,1.1,22.3,1024.442902,0,0,157,WABASHA,27157,1.16193,76
5911,MN,MN,27,55964,4,1,0,4,Y,2,3,49,815,809,20288,20288,11.5,3.3,921.864905,0,0,157,WABASHA,27157,1.16193,76
5912,MN,MN,27,55981,4,1,0,1,Y,1,3,42,1930,1930,12288,12488,9.6,3.7,1024.442902,0,0,157,WABASHA,27157,1.16193,76
5913,MN,MN,27,56464,2,1,0,4,Y,2,3,48,1800,1900,41788,41988,2.9,7.4,921.864905,0,0,159,WADENA,27159,0.510671,77
5914,MN,MN,27,56479,2,1,1,3,Y,4,3,36,1215,1630,122687,122887,0.7,25.4,990.411554,0,0,159,WADENA,27159,0.510671,77
5915,MN,MN,27,56481,2,1,1,3,N,3,3,29,1000,1000,121987,122187,3.2,7.8,1071.318034,0,0,159,WADENA,27159,0.510671,77
5916,MN,MN,27,56482,2,1,0,4,Y,2,3,28,1000,1000,122087,122287,4.7,8.9,921.864905,0,0,159,WADENA,27159,0.510671,77
5917,MN,MN,27,56482,2,1,0,4,Y,3,3,49,815,930,20288,20288,4.8,5.8,1071.318034,1,0,159,WADENA,27159,0.510671,77
5918,MN,MN,27,56048,4,1,0,4,Y,3,3,25,2100,2120,21788,21988,0.4,0,1071.318034,0,0,161,WASECA,27161,1.23666,78
5919,MN,MN,27,56072,4,1,0,4,Y,3,3,21,1730,1000,21788,22088,9.3,3.2,1071.318034,0,0,161,WASECA,27161,1.23666,78
5920,MN,MN,27,56093,4,1,0,2,Y,1,3,26,1015,1215,121387,121587,1.7,11.4,1024.442902,0,0,161,WASECA,27161,1.23666,78
5921,MN,MN,27,56093,4,1,1,1,N,1,3,45,1830,2000,12688,12888,0.9,24,1024.442902,0,0,161,WASECA,27161,1.23666,78
5922,MN,MN,27,55016,3,1,0,7,Y,4,2,22,2000,2000,120287,121087,10.2,3.9,461.274696,0,0,163,WASHINGTON,27163,0.862876,79
5924,MN,MN,27,55016,3,1,0,4,Y,4,2,24,930,930,121387,121587,2.2,9.6,461.274696,0,0,163,WASHINGTON,27163,0.862876,79
5926,MN,MN,27,55016,3,1,0,4,Y,2,2,31,2130,2130,121987,122187,12.2,2.9,461.62367,0,0,163,WASHINGTON,27163,0.862876,79
5927,MN,MN,27,55016,3,1,0,7,Y,3,2,34,1715,1705,122687,122887,4.6,5.5,433.316718,0,0,163,WASHINGTON,27163,0.862876,79
5928,MN,MN,27,55016,3,1,0,0,Y,3,2,49,1030,1130,20288,20288,6.2,4.4,433.316718,0,0,163,WASHINGTON,27163,0.862876,79
5929,MN,MN,27,55016,3,1,0,2,N,3,2,3,2015,2100,31888,32088,6.5,4.4,433.316718,0,0,163,WASHINGTON,27163,0.862876,79
5930,MN,MN,27,55025,3,1,0,2,Y,1,2,23,900,900,121987,122187,2.8,8.9,485.435931,0,0,163,WASHINGTON,27163,0.862876,79
5931,MN,MN,27,55025,3,1,0,7, ,1,2,33,800,804,122087,122287,1.9,10.5,485.435931,0,0,163,WASHINGTON,27163,0.862876,79
5934,MN,MN,27,55025,3,1,0,7,Y,1,2,44,1730,1730,12288,12488,1,20.1,485.435931,0,0,163,WASHINGTON,27163,0.862876,79
5935,MN,MN,27,55025,3,0,1,0, ,1,2,47,1245,1900,20288,20288,1.2,19.3,485.435931,0,0,163,WASHINGTON,27163,0.862876,79
5936,MN,MN,27,55038,3,2,0,2,Y,5,2,32,1758,2017,122087,122287,1.6,19.7,471.366223,0,0,163,WASHINGTON,27163,0.862876,79
5937,MN,MN,27,55038,3,1,0,2,Y,1,2,33,1400,1420,122687,122887,0.8,22,485.435931,0,0,163,WASHINGTON,27163,0.862876,79
5938,MN,MN,27,55038,3,1,0,7,Y,2,2,1,1640,1930,22788,22988,1.7,12.8,461.62367,0,0,163,WASHINGTON,27163,0.862876,79
5939,MN,MN,27,55042,3,1,0,4,Y,3,2,25,930,930,123087,10188,4.7,8,433.316718,0,0,163,WASHINGTON,27163,0.862876,79
5940,MN,MN,27,55042,3,1,1,7,N,2,2,26,1200,1200,122187,122387,1.7,18.2,461.62367,1,0,163,WASHINGTON,27163,0.862876,79
5941,MN,MN,27,55042,3,1,0,4,Y,5,2,41,1100,1100,22488,22688,3.3,6.9,471.366223,0,0,163,WASHINGTON,27163,0.862876,79
5943,MN,MN,27,55043,3,1,0,4,Y,1,2,27,1445,1445,10188,10188,9.8,3.5,485.435931,0,0,163,WASHINGTON,27163,0.862876,79
5944,MN,MN,27,55043,3,1,0,4,Y,4,2,43,1700,2030,12188,12388,5.3,6.6,461.274696,1,0,163,WASHINGTON,27163,0.862876,79
5945,MN,MN,27,55043,3,1,0,2,Y,4,2,41,1015,1105,12988,13188,8.5,3.9,461.274696,0,0,163,WASHINGTON,27163,0.862876,79
5946,MN,MN,27,55047,3,1,0,4, ,5,2,42,1630,730,20288,20288,1.9,10.1,471.366223,0,0,163,WASHINGTON,27163,0.862876,79
5947,MN,MN,27,55071,3,1,0,2,Y,5,2,41,1750,1115,12688,13088,6.6,3.8,471.366223,0,0,163,WASHINGTON,27163,0.862876,79
5948,MN,MN,27,55071,3,1,0,4,Y,3,2,47,1400,1400,20288,20288,3.8,6,433.316718,0,0,163,WASHINGTON,27163,0.862876,79
5949,MN,MN,27,55073,3,1,0,4,Y,4,2,4,245,245,30388,31188,5.9,5.4,461.274696,0,0,163,WASHINGTON,27163,0.862876,79
5950,MN,MN,27,55082,3,0,0,0, ,5,2,29,1745,1745,121687,121887,4.9,6.5,471.366223,0,0,163,WASHINGTON,27163,0.862876,79
5951,MN,MN,27,55082,3,1,1,3,Y,4,2,30,1519,1719,121987,122187,2.5,8.9,461.274696,0,0,163,WASHINGTON,27163,0.862876,79
5952,MN,MN,27,55082,3,1,0,4,Y,5,2,30,1500,1500,122087,122287,10.7,5.1,471.366223,0,0,163,WASHINGTON,27163,0.862876,79
5954,MN,MN,27,55082,3,1,0,4,Y,5,2,33,800,800,123187,10188,2.1,12.8,471.366223,0,0,163,WASHINGTON,27163,0.862876,79
5955,MN,MN,27,55082,3,1,0,4,Y,1,2,36,1730,1730,10188,11188,4.7,5.8,485.435931,0,0,163,WASHINGTON,27163,0.862876,79
5956,MN,MN,27,55082,3,1,0,2,Y,5,2,37,800,800,11188,11388,3.7,6.4,471.366223,0,0,163,WASHINGTON,27163,0.862876,79
5957,MN,MN,27,55082,3,1,0,2,Y,1,2,45,1730,1830,12088,12288,13.4,3.1,485.435931,0,0,163,WASHINGTON,27163,0.862876,79
5958,MN,MN,27,55082,3,1,0,0,Y,4,2,48,1720,1720,20288,20288,2.9,8.7,461.274696,0,0,163,WASHINGTON,27163,0.862876,79
5959,MN,MN,27,55082,3,1,0,4,Y,3,2,50,1754,1725,22888,30388,4.3,6,433.316718,0,0,163,WASHINGTON,27163,0.862876,79
5961,MN,MN,27,55082,3,1,0,3,Y,4,2,2,1500,1600,22488,22888,1.8,10.1,461.274696,0,0,163,WASHINGTON,27163,0.862876,79
5962,MN,MN,27,55115,3,1,0,4,Y,2,5,33,1825,1905,122687,122887,1.5,26.5,2246.96884,1,0,163,WASHINGTON,27163,0.862876,79
5963,MN,MN,27,55119,3,1,0,2,Y,1,5,30,1900,1900,121987,122187,1.8,10.8,2116.561544,0,0,163,WASHINGTON,27163,0.862876,79
5964,MN,MN,27,55119,3,1,0,2,Y,3,5,33,2245,2245,123087,10188,1.3,24,2119.396234,0,0,163,WASHINGTON,27163,0.862876,79
5966,MN,MN,27,55125,3,1,0,4,Y,2,5,24,1748,1749,121287,121487,20.4,2.3,2246.96884,2,0,163,WASHINGTON,27163,0.862876,79
5967,MN,MN,27,55125,3,1,0,7,Y,5,5,35,2300,2300,122787,122987,6,6.9,2179.503255,1,0,163,WASHINGTON,27163,0.862876,79
5968,MN,MN,27,56062,5,1,0,4,Y,1,4,40,1000,1000,11988,12188,13.8,3.3,1088.985661,0,0,165,WATONWAN,27165,1.2011,80
5969,MN,MN,27,56088,5,1,1,4,Y,3,4,37,1000,1030,12388,12588,10.2,3.5,1214.922779,0,0,165,WATONWAN,27165,1.2011,80
5971,MN,MN,27,56520,2,1,0,4,Y,3,3,48,1300,1300,20288,20288,9.3,4.2,1071.318034,0,0,167,WILKIN,27167,1.26622,81
5972,MN,MN,27,55925,4,1,0,0,Y,4,3,50,830,830,21188,21388,3.4,7,990.411554,1,0,169,WINONA,27169,1.58917,82
5973,MN,MN,27,55943,4,1,0,4,Y,2,3,26,1700,1640,121687,121887,4.1,7.7,921.864905,0,0,169,WINONA,27169,1.58917,82
5974,MN,MN,27,55952,4,1,0,4,Y,3,3,50,945,1020,20288,21188,11.6,3.8,1071.318034,1,0,169,WINONA,27169,1.58917,82
5975,MN,MN,27,55969,4,2,0,7,Y,2,3,27,1900,700,122087,122387,7.2,6.1,921.864905,0,0,169,WINONA,27169,1.58917,82
5977,MN,MN,27,55972,4,1,1,1,Y,5,3,4,800,800,30388,30388,1.8,13.4,893.23743,0,0,169,WINONA,27169,1.58917,82
5978,MN,MN,27,55987,4,1,1,3,Y,1,3,25,1315,1657,121287,121487,0.7,28.9,1024.442902,0,0,169,WINONA,27169,1.58917,82
5979,MN,MN,27,55987,4,1,0,4,Y,1,3,39,1500,1505,10188,11188,4.7,5.1,1024.442902,0,0,169,WINONA,27169,1.58917,82
5980,MN,MN,27,55987,4,1,0,2,Y,1,3,43,1800,2100,12388,12588,10.2,3.1,1024.442902,0,0,169,WINONA,27169,1.58917,82
5981,MN,MN,27,55987,4,1,0,2,Y,1,3,44,1830,1900,20288,20288,11.3,3.2,1024.442902,1,0,169,WINONA,27169,1.58917,82
5982,MN,MN,27,55987,4,1,0,5,Y,1,3,3,2130,2130,30388,30388,7.6,4.1,1024.442902,0,0,169,WINONA,27169,1.58917,82
5983,MN,MN,27,55987,4,1,0,2,Y,2,3,3,1634,1634,30388,30388,11.8,3.1,921.864905,0,0,169,WINONA,27169,1.58917,82
5984,MN,MN,27,55987,4,1,1,2,Y,4,3,4,1000,1000,30388,31188,0.5,0,990.411554,0,0,169,WINONA,27169,1.58917,82
5985,MN,MN,27,55313,5,1,0,1,Y,3,4,31,1746,1800,122687,122887,6.7,12,1214.922779,0,0,171,WRIGHT,27171,0.913909,83
5986,MN,MN,27,55313,5,1,0,1,Y,2,4,30,845,845,12788,12988,5.3,6.2,1146.49919,0,0,171,WRIGHT,27171,0.913909,83
5987,MN,MN,27,55313,5,1,0,2,Y,5,4,3,1235,1235,22388,22588,3.1,10.8,1105.956867,0,0,171,WRIGHT,27171,0.913909,83
5989,MN,MN,27,55321,5,1,0,2,Y,1,4,39,1720,1734,11688,11888,7.3,4.2,1088.985661,0,0,171,WRIGHT,27171,0.913909,83
5990,MN,MN,27,55341,5,1,0,2,Y,5,4,30,2100,2100,122187,122387,5.1,6.9,1105.956867,0,0,171,WRIGHT,27171,0.913909,83
5991,MN,MN,27,55349,5,1,0,4,Y,3,4,30,945,1125,122687,122887,2.2,11.2,1214.922779,0,0,171,WRIGHT,27171,0.913909,83
5992,MN,MN,27,55358,5,1,1,7,Y,4,4,24,1150,900,122387,122687,2.3,12.3,1177.377355,0,0,171,WRIGHT,27171,0.913909,83
5993,MN,MN,27,55362,5,1,0,5,Y,3,4,23,1600,1600,121287,121487,15.9,3,1214.922779,0,0,171,WRIGHT,27171,0.913909,83
5994,MN,MN,27,55362,5,1,0,4,Y,3,4,39,1510,1522,11688,11888,9.5,3.6,1214.922779,0,0,171,WRIGHT,27171,0.913909,83
5995,MN,MN,27,55363,5,1,0,4,Y,2,4,37,1630,1730,122687,122887,6.4,4.5,1146.49919,0,0,171,WRIGHT,27171,0.913909,83
5997,MN,MN,27,55376,5,1,0,4,Y,3,4,46,1045,1045,12888,13088,5,5.2,1214.922779,0,0,171,WRIGHT,27171,0.913909,83
5998,MN,MN,27,56297,5,1,0,4,Y,4,4,27,940,940,122887,123087,3.7,9.6,1177.377355,0,0,173,YELLOW MEDICINE,27173,1.42659,84
5999,MN,MN,27,56297,5,1,0,4,Y,3,4,31,2100,800,21088,21388,2.9,8,1214.922779,0,0,173,YELLOW MEDICINE,27173,1.42659,84